[{"id":"023c0c46-f64a-43f5-9cb6-81f5c2371480","file_name":"roaster.jpg","title":"Coffee Roaster","size":42334,"type":"image/jpeg","url":"https://assets-us-01.kc-usercontent.com/42dba6bd-8828-0037-e6e4-6cef45703442/8ed7e461-c46d-4891-a732-37a8478ea062/roaster.jpg","image_width":600,"image_height":457,"file_reference":{"id":"8ed7e461-c46d-4891-a732-37a8478ea062","type":"internal"},"descriptions":[{"language":{"id":"00000000-0000-0000-0000-000000000000"},"description":"Coffee Roaster"},{"language":{"id":"c9f174fb-93da-4e3d-b26e-c68d56ec60cf"},"description":"Cafe tostado"}],"last_modified":"2021-02-23T19:58:14.4497655Z"},{"id":"0293ad07-d8d3-4a41-9a37-803c2e3c8473","file_name":"donate-with-us-1080px.jpg","title":"Donate With Us","size":125052,"type":"image/jpeg","url":"https://assets-us-01.kc-usercontent.com/42dba6bd-8828-0037-e6e4-6cef45703442/2a6b3ed6-9516-4925-ad82-177426665f33/donate-with-us-1080px.jpg","image_width":1000,"image_height":667,"file_reference":{"id":"2a6b3ed6-9516-4925-ad82-177426665f33","type":"internal"},"descriptions":[{"language":{"id":"00000000-0000-0000-0000-000000000000"},"description":"Children in Africa"},{"language":{"id":"c9f174fb-93da-4e3d-b26e-c68d56ec60cf"},"description":"Niños en África"}],"last_modified":"2021-02-23T19:58:17.1731826Z"},{"id":"0fddea9c-48dd-4dd5-b494-af8e1db1bb76","file_name":"hario-vacuum-pot.jpg","title":"Hario Vacuum Pot","size":13232,"type":"image/jpeg","url":"https://assets-us-01.kc-usercontent.com/42dba6bd-8828-0037-e6e4-6cef45703442/e33a6b70-efe8-46cd-bd86-33078cbf1793/hario-vacuum-pot.jpg","image_width":540,"image_height":540,"file_reference":{"id":"e33a6b70-efe8-46cd-bd86-33078cbf1793","type":"internal"},"descriptions":[{"language":{"id":"00000000-0000-0000-0000-000000000000"},"description":"Hario Vacuum Pot"},{"language":{"id":"c9f174fb-93da-4e3d-b26e-c68d56ec60cf"},"description":null}],"last_modified":"2021-02-23T19:58:13.5278624Z"},{"id":"130abdba-f71b-4b01-b43c-b4acacf89bdc","file_name":"colombia.jpg","title":"Coffee - Colombia","size":74005,"type":"image/jpeg","url":"https://assets-us-01.kc-usercontent.com/42dba6bd-8828-0037-e6e4-6cef45703442/9b4a828d-bd6f-4e1d-a300-bcb2f4b46f76/colombia.jpg","image_width":1080,"image_height":1080,"file_reference":{"id":"9b4a828d-bd6f-4e1d-a300-bcb2f4b46f76","type":"internal"},"descriptions":[{"language":{"id":"00000000-0000-0000-0000-000000000000"},"description":"Colombia Carlos Imbachi Coffee Beans"},{"language":{"id":"c9f174fb-93da-4e3d-b26e-c68d56ec60cf"},"description":"Granos de cafe Colombianos Carlos Imbachi  "}],"last_modified":"2021-02-23T19:58:15.3118232Z"},{"folder":{"id":"a077eb61-aa11-515a-bbd0-dce2b2570d28"},"id":"28f13a62-67e1-414a-8e28-fdb2cd3da292","file_name":"cafe02.jpg","title":"Café - Melbourne","size":72576,"type":"image/jpeg","url":"https://assets-us-01.kc-usercontent.com/42dba6bd-8828-0037-e6e4-6cef45703442/e0a74a25-0f19-4b99-96c2-48db32a8b38c/cafe02.jpg","image_width":849,"image_height":565,"file_reference":{"id":"e0a74a25-0f19-4b99-96c2-48db32a8b38c","type":"internal"},"descriptions":[{"language":{"id":"00000000-0000-0000-0000-000000000000"},"description":"Dancing Goat Café - Melbourne"},{"language":{"id":"c9f174fb-93da-4e3d-b26e-c68d56ec60cf"},"description":"Dancing Goat Café - Melbourne"}],"last_modified":"2021-02-23T19:58:17.6419419Z"},{"folder":{"id":"a077eb61-aa11-515a-bbd0-dce2b2570d28"},"id":"2d9324fc-1e52-4e56-94be-cf5f968c97af","file_name":"cafe02.jpg","title":"Café - Madrid","size":72576,"type":"image/jpeg","url":"https://assets-us-01.kc-usercontent.com/42dba6bd-8828-0037-e6e4-6cef45703442/2c10f307-e389-41d8-a8d8-c73d86739703/cafe02.jpg","image_width":849,"image_height":565,"file_reference":{"id":"2c10f307-e389-41d8-a8d8-c73d86739703","type":"internal"},"descriptions":[{"language":{"id":"00000000-0000-0000-0000-000000000000"},"description":"Dancing Goat Café - Madrid"},{"language":{"id":"c9f174fb-93da-4e3d-b26e-c68d56ec60cf"},"description":"Dancing Goat Café - Madrid"}],"last_modified":"2021-02-23T19:58:17.829438Z"},{"folder":{"id":"a077eb61-aa11-515a-bbd0-dce2b2570d28"},"id":"2e9c65be-7622-4b55-9cc7-b61bcec04c2d","file_name":"cafe01.jpg","title":"Café - Brisbane","size":72990,"type":"image/jpeg","url":"https://assets-us-01.kc-usercontent.com/42dba6bd-8828-0037-e6e4-6cef45703442/e6083c0e-886d-4dba-870b-a3e9dbcf33a5/cafe01.jpg","image_width":849,"image_height":565,"file_reference":{"id":"e6083c0e-886d-4dba-870b-a3e9dbcf33a5","type":"internal"},"descriptions":[{"language":{"id":"00000000-0000-0000-0000-000000000000"},"description":"Dancing Goat Café - Brisbane"},{"language":{"id":"c9f174fb-93da-4e3d-b26e-c68d56ec60cf"},"description":"Dancing Goat Café - Brisbane"}],"last_modified":"2021-02-23T19:58:16.2026372Z"},{"id":"343c3b9b-a913-4ca8-85a1-1751fa553e70","file_name":"Coffee-Farmer.jpg","title":"#test; #field","size":104163,"type":"image/jpeg","url":"https://assets-us-01.kc-usercontent.com/42dba6bd-8828-0037-e6e4-6cef45703442/405f5275-28f0-474c-b896-7b5e94c4f9f6/Coffee-Farmer.jpg","image_width":1200,"image_height":800,"file_reference":{"id":"405f5275-28f0-474c-b896-7b5e94c4f9f6","type":"internal"},"descriptions":[{"language":{"id":"00000000-0000-0000-0000-000000000000"},"description":"A farmer with fresh coffee berries"},{"language":{"id":"c9f174fb-93da-4e3d-b26e-c68d56ec60cf"},"description":null}],"last_modified":"2021-02-23T19:58:18.0794184Z"},{"id":"3f1f0af1-dbe9-4048-85ce-cc9cc093ac30","file_name":"espro-press.jpg","title":"Espro Press","size":17231,"type":"image/jpeg","url":"https://assets-us-01.kc-usercontent.com/42dba6bd-8828-0037-e6e4-6cef45703442/5cd30097-e498-46c1-9d76-5fdef74dfc08/espro-press.jpg","image_width":600,"image_height":600,"file_reference":{"id":"5cd30097-e498-46c1-9d76-5fdef74dfc08","type":"internal"},"descriptions":[{"language":{"id":"00000000-0000-0000-0000-000000000000"},"description":"Espro Press"},{"language":{"id":"c9f174fb-93da-4e3d-b26e-c68d56ec60cf"},"description":null}],"last_modified":"2021-02-23T19:58:14.6684932Z"},{"id":"41e1d5d7-8720-458b-a38f-617c2cb18070","file_name":"coffee-beverages-explained-1080px.jpg","title":"Professional Espresso Machine","size":86243,"type":"image/jpeg","url":"https://assets-us-01.kc-usercontent.com/42dba6bd-8828-0037-e6e4-6cef45703442/fe945e54-cfd2-4aae-9281-32f5f72cfab0/coffee-beverages-explained-1080px.jpg","image_width":1000,"image_height":666,"file_reference":{"id":"fe945e54-cfd2-4aae-9281-32f5f72cfab0","type":"internal"},"descriptions":[{"language":{"id":"00000000-0000-0000-0000-000000000000"},"description":"Professional Espresso Machine"},{"language":{"id":"c9f174fb-93da-4e3d-b26e-c68d56ec60cf"},"description":"Máquina de Espresso Profesional"}],"last_modified":"2021-02-23T19:58:18.3294361Z"},{"folder":{"id":"a077eb61-aa11-515a-bbd0-dce2b2570d28"},"id":"42e495d1-5d6c-4a53-86fb-bb41fcfb0719","file_name":"cafe03.jpg","title":"Café - Sydney","size":55606,"type":"image/jpeg","url":"https://assets-us-01.kc-usercontent.com/42dba6bd-8828-0037-e6e4-6cef45703442/4a4c4f44-9cb9-4f8b-86af-24d3e04ac19c/cafe03.jpg","image_width":849,"image_height":565,"file_reference":{"id":"4a4c4f44-9cb9-4f8b-86af-24d3e04ac19c","type":"internal"},"descriptions":[{"language":{"id":"00000000-0000-0000-0000-000000000000"},"description":"Dancing Goat Café - Sydney"},{"language":{"id":"c9f174fb-93da-4e3d-b26e-c68d56ec60cf"},"description":"Dancing Goat Café - Sydney"}],"last_modified":"2021-02-23T19:58:14.2310302Z"},{"id":"4fb4b667-6fdb-457f-b4c0-7446e427f7de","file_name":"hario-skerton.jpg","title":"Hario Skerton Ceramic Coffee Mill","size":16743,"type":"image/jpeg","url":"https://assets-us-01.kc-usercontent.com/42dba6bd-8828-0037-e6e4-6cef45703442/9c3423bc-a62e-4107-86a7-f0e05b2655cc/hario-skerton.jpg","image_width":540,"image_height":540,"file_reference":{"id":"9c3423bc-a62e-4107-86a7-f0e05b2655cc","type":"internal"},"descriptions":[{"language":{"id":"00000000-0000-0000-0000-000000000000"},"description":"Hario Skerton Ceramic Coffee Mill"},{"language":{"id":"c9f174fb-93da-4e3d-b26e-c68d56ec60cf"},"description":"Hario Skerton Ceramic Coffee Mill"}],"last_modified":"2021-02-23T19:58:13.9966156Z"},{"id":"54a65490-65e0-4ef2-a20a-9029a29d5e48","file_name":"about.jpg","title":"Café - Los Angeles","size":48460,"type":"image/jpeg","url":"https://assets-us-01.kc-usercontent.com/42dba6bd-8828-0037-e6e4-6cef45703442/15c53cf5-02d3-40ca-91d7-6d383fb1a8f8/about.jpg","image_width":640,"image_height":426,"file_reference":{"id":"15c53cf5-02d3-40ca-91d7-6d383fb1a8f8","type":"internal"},"descriptions":[{"language":{"id":"00000000-0000-0000-0000-000000000000"},"description":"Dancing Goat Café - Los Angeles"},{"language":{"id":"c9f174fb-93da-4e3d-b26e-c68d56ec60cf"},"description":"Dancing Goat Café - Los Angeles"}],"last_modified":"2021-02-23T19:58:13.2309883Z"},{"id":"5b6458b7-2019-4e88-91d7-51073101767a","file_name":"origins-of-arabica-bourbon-1080px.jpg","title":"Réunion Island","size":125268,"type":"image/jpeg","url":"https://assets-us-01.kc-usercontent.com/42dba6bd-8828-0037-e6e4-6cef45703442/ef9108aa-7bfe-4ee5-9e96-38dbff1de831/origins-of-arabica-bourbon-1080px.jpg","image_width":1000,"image_height":664,"file_reference":{"id":"ef9108aa-7bfe-4ee5-9e96-38dbff1de831","type":"internal"},"descriptions":[{"language":{"id":"00000000-0000-0000-0000-000000000000"},"description":"Réunion Island"},{"language":{"id":"c9f174fb-93da-4e3d-b26e-c68d56ec60cf"},"description":"Reunion de Isla"}],"last_modified":"2021-02-23T19:58:10.9184931Z"},{"id":"5caa3ca4-1db8-47ac-a1a2-6e20efc8f1a6","file_name":"coffee-processing-techniques-1080px.jpg","title":"Coffee Processing Techniques","size":102410,"type":"image/jpeg","url":"https://assets-us-01.kc-usercontent.com/42dba6bd-8828-0037-e6e4-6cef45703442/dfc123a3-d773-4132-bfa8-f9a6499359cb/coffee-processing-techniques-1080px.jpg","image_width":1000,"image_height":504,"file_reference":{"id":"dfc123a3-d773-4132-bfa8-f9a6499359cb","type":"internal"},"descriptions":[{"language":{"id":"00000000-0000-0000-0000-000000000000"},"description":"Dry process (also known as unwashed or natural coffee)"},{"language":{"id":"c9f174fb-93da-4e3d-b26e-c68d56ec60cf"},"description":"Proceso en seco (también conocido como café sin lavar o natural)"}],"last_modified":"2021-02-23T19:58:12.2622455Z"},{"folder":{"id":"a077eb61-aa11-515a-bbd0-dce2b2570d28"},"id":"61005225-dd67-4429-8f7d-0656ed504b65","file_name":"cafe03.jpg","title":"Café - Boston","size":55606,"type":"image/jpeg","url":"https://assets-us-01.kc-usercontent.com/42dba6bd-8828-0037-e6e4-6cef45703442/ea75d188-8ec2-4f00-a60f-6712768dcbde/cafe03.jpg","image_width":849,"image_height":565,"file_reference":{"id":"ea75d188-8ec2-4f00-a60f-6712768dcbde","type":"internal"},"descriptions":[{"language":{"id":"00000000-0000-0000-0000-000000000000"},"description":"Dancing Goat Café - Boston"},{"language":{"id":"c9f174fb-93da-4e3d-b26e-c68d56ec60cf"},"description":"Dancing Goat Café - Boston"}],"last_modified":"2021-02-23T19:58:14.8560047Z"},{"id":"63867108-d6cc-4a45-989d-f66203d9b8d7","file_name":"sources.jpg","title":"Coffee Berries","size":38251,"type":"image/jpeg","url":"https://assets-us-01.kc-usercontent.com/42dba6bd-8828-0037-e6e4-6cef45703442/eff3329b-f2f7-40a6-82dc-c479537e6730/sources.jpg","image_width":640,"image_height":457,"file_reference":{"id":"eff3329b-f2f7-40a6-82dc-c479537e6730","type":"internal"},"descriptions":[{"language":{"id":"00000000-0000-0000-0000-000000000000"},"description":"Coffee Berries"},{"language":{"id":"c9f174fb-93da-4e3d-b26e-c68d56ec60cf"},"description":"Cafe de bayas"}],"last_modified":"2021-02-23T19:58:11.7934879Z"},{"id":"66299de9-fd57-4e48-b548-c8dcd6a6ba66","file_name":"hario-buono-kettle.jpg","title":"Hario Buono 0.8 Liter Kettle, Silver","size":18073,"type":"image/jpeg","url":"https://assets-us-01.kc-usercontent.com/42dba6bd-8828-0037-e6e4-6cef45703442/793457fa-2148-4ff8-a617-3a2e6e1d46a6/hario-buono-kettle.jpg","image_width":540,"image_height":540,"file_reference":{"id":"793457fa-2148-4ff8-a617-3a2e6e1d46a6","type":"internal"},"descriptions":[{"language":{"id":"00000000-0000-0000-0000-000000000000"},"description":"Hario Buono 0.8 Liter Kettle, Silver"},{"language":{"id":"c9f174fb-93da-4e3d-b26e-c68d56ec60cf"},"description":"Caldera Hario Buono de 0.8 litros, plata"}],"last_modified":"2021-02-23T19:58:11.5747526Z"},{"id":"69438408-9117-4de5-9aa2-35888f6d606c","file_name":"chemex.jpg","title":"Chemex 6-Cup Classic Series Glass Coffee Maker","size":18223,"type":"image/jpeg","url":"https://assets-us-01.kc-usercontent.com/42dba6bd-8828-0037-e6e4-6cef45703442/e4137701-fb6a-486a-a182-f5e717588d6b/chemex.jpg","image_width":540,"image_height":540,"file_reference":{"id":"e4137701-fb6a-486a-a182-f5e717588d6b","type":"internal"},"descriptions":[{"language":{"id":"00000000-0000-0000-0000-000000000000"},"description":"Chemex 6-Cup Classic Series Glass Coffee Maker"},{"language":{"id":"c9f174fb-93da-4e3d-b26e-c68d56ec60cf"},"description":"Chemex 6-Cup Classic Series Glass Coffee Maker"}],"last_modified":"2021-02-23T19:58:12.9810112Z"},{"id":"7759db58-5b46-42a9-b887-ce427846dbda","file_name":"which-brewing-fits-you-1080px.jpg","title":"Coffee Brewing Techniques","size":118859,"type":"image/jpeg","url":"https://assets-us-01.kc-usercontent.com/42dba6bd-8828-0037-e6e4-6cef45703442/c9fe745d-b6e2-4d5b-945d-c570fdbb7a98/which-brewing-fits-you-1080px.jpg","image_width":1000,"image_height":666,"file_reference":{"id":"c9fe745d-b6e2-4d5b-945d-c570fdbb7a98","type":"internal"},"descriptions":[{"language":{"id":"00000000-0000-0000-0000-000000000000"},"description":"Coffee Brewing Techniques"},{"language":{"id":"c9f174fb-93da-4e3d-b26e-c68d56ec60cf"},"description":"Técnicas para hacer café"}],"last_modified":"2021-02-23T19:58:18.8294351Z"},{"id":"7bfbdf4c-1062-4f97-bf4f-608fd4e0ac05","file_name":"hario-mini-mill.jpg","title":"Hario Mini Mill Slim Hand Coffee Grinder","size":11889,"type":"image/jpeg","url":"https://assets-us-01.kc-usercontent.com/42dba6bd-8828-0037-e6e4-6cef45703442/3f1f74e6-1de9-4e3c-96e4-15d45ece0d15/hario-mini-mill.jpg","image_width":540,"image_height":540,"file_reference":{"id":"3f1f74e6-1de9-4e3c-96e4-15d45ece0d15","type":"internal"},"descriptions":[{"language":{"id":"00000000-0000-0000-0000-000000000000"},"description":"Hario Mini Mill Slim Hand Coffee Grinder"},{"language":{"id":"c9f174fb-93da-4e3d-b26e-c68d56ec60cf"},"description":"Hario Mini Mill Slim Hand Coffee Grinder"}],"last_modified":"2021-02-23T19:58:10.3560017Z"},{"id":"90817bfb-2a4c-4ead-897d-a30c26de42de","file_name":"coffee-cup-mug-cafe-small.jpg","title":null,"size":34516,"type":"image/jpeg","url":"https://assets-us-01.kc-usercontent.com/42dba6bd-8828-0037-e6e4-6cef45703442/05f81270-52e7-4fc0-93fb-c7c318310b8b/coffee-cup-mug-cafe-small.jpg","image_width":604,"image_height":403,"file_reference":{"id":"05f81270-52e7-4fc0-93fb-c7c318310b8b","type":"internal"},"descriptions":[{"language":{"id":"00000000-0000-0000-0000-000000000000"},"description":null},{"language":{"id":"c9f174fb-93da-4e3d-b26e-c68d56ec60cf"},"description":null}],"last_modified":"2021-02-23T19:58:10.6060114Z"},{"folder":{"id":"a077eb61-aa11-515a-bbd0-dce2b2570d28"},"id":"92b51098-3546-4d2e-9e74-5d989f6cbff5","file_name":"cafe05.jpg","title":"Café - Los Angeles","size":66838,"type":"image/jpeg","url":"https://assets-us-01.kc-usercontent.com/42dba6bd-8828-0037-e6e4-6cef45703442/188477c1-467d-4e81-a643-921baa5722a8/cafe05.jpg","image_width":849,"image_height":565,"file_reference":{"id":"188477c1-467d-4e81-a643-921baa5722a8","type":"internal"},"descriptions":[{"language":{"id":"00000000-0000-0000-0000-000000000000"},"description":"Dancing Goat Café - Los Angeles"},{"language":{"id":"c9f174fb-93da-4e3d-b26e-c68d56ec60cf"},"description":"Dancing Goat Café - Los Angeles"}],"last_modified":"2021-02-23T19:58:15.9680808Z"},{"id":"92e1b9f2-2bee-4e7a-9652-3b0a2d96a8f8","file_name":"coffee-cup-mug-cafe-small.jpg","title":"Cup of coffee brewed with a Chemex","size":34516,"type":"image/jpeg","url":"https://assets-us-01.kc-usercontent.com/42dba6bd-8828-0037-e6e4-6cef45703442/1672d8ea-c714-45ac-b6f1-889faf701cb1/coffee-cup-mug-cafe-small.jpg","image_width":604,"image_height":403,"file_reference":{"id":"1672d8ea-c714-45ac-b6f1-889faf701cb1","type":"internal"},"descriptions":[{"language":{"id":"00000000-0000-0000-0000-000000000000"},"description":"A nice cup of coffee brewed with a Chemex"},{"language":{"id":"c9f174fb-93da-4e3d-b26e-c68d56ec60cf"},"description":"Una buena taza de café hecho con Chemex"}],"last_modified":"2021-02-23T19:58:15.4836694Z"},{"id":"9a9499f2-a612-4a7e-8e2b-60138fcbe8a2","file_name":"on-roasts-1080px.jpg","title":"Coffee Roastery","size":115086,"type":"image/jpeg","url":"https://assets-us-01.kc-usercontent.com/42dba6bd-8828-0037-e6e4-6cef45703442/f4c63df9-e0d8-4aa1-baf5-588091ec568d/on-roasts-1080px.jpg","image_width":1000,"image_height":666,"file_reference":{"id":"f4c63df9-e0d8-4aa1-baf5-588091ec568d","type":"internal"},"descriptions":[{"language":{"id":"00000000-0000-0000-0000-000000000000"},"description":"Coffee Roastery"},{"language":{"id":"c9f174fb-93da-4e3d-b26e-c68d56ec60cf"},"description":"Tostador del café"}],"last_modified":"2021-02-23T19:58:18.5794071Z"},{"id":"a204e981-4af8-42f4-858b-50901b018641","file_name":"porlex-tall-ceramic-burr-grinder.jpg","title":"Hand Coffee Grinder","size":37545,"type":"image/jpeg","url":"https://assets-us-01.kc-usercontent.com/42dba6bd-8828-0037-e6e4-6cef45703442/b02667c0-b859-4c10-8991-2358dcbe939e/porlex-tall-ceramic-burr-grinder.jpg","image_width":1080,"image_height":1080,"file_reference":{"id":"b02667c0-b859-4c10-8991-2358dcbe939e","type":"internal"},"descriptions":[{"language":{"id":"00000000-0000-0000-0000-000000000000"},"description":"Hand Coffee Grinder"},{"language":{"id":"c9f174fb-93da-4e3d-b26e-c68d56ec60cf"},"description":"Hand Coffee Grinder"}],"last_modified":"2021-02-23T19:58:17.4231776Z"},{"folder":{"id":"a077eb61-aa11-515a-bbd0-dce2b2570d28"},"id":"a4d7648c-ac15-494a-8a6f-1679d29f28c3","file_name":"cafe01.jpg","title":"Café - London","size":72990,"type":"image/jpeg","url":"https://assets-us-01.kc-usercontent.com/42dba6bd-8828-0037-e6e4-6cef45703442/2d0a4a62-2306-47d9-ac2c-6f7f767e3152/cafe01.jpg","image_width":849,"image_height":565,"file_reference":{"id":"2d0a4a62-2306-47d9-ac2c-6f7f767e3152","type":"internal"},"descriptions":[{"language":{"id":"00000000-0000-0000-0000-000000000000"},"description":"Dancing Goat Café - London"},{"language":{"id":"c9f174fb-93da-4e3d-b26e-c68d56ec60cf"},"description":"Dancing Goat Café - London"}],"last_modified":"2021-02-23T19:58:16.4370129Z"},{"folder":{"id":"a077eb61-aa11-515a-bbd0-dce2b2570d28"},"id":"a66c4b4d-b750-4417-a37b-597af457ecc8","file_name":"cafe04.jpg","title":"Café - Allendale","size":77708,"type":"image/jpeg","url":"https://assets-us-01.kc-usercontent.com/42dba6bd-8828-0037-e6e4-6cef45703442/01e6044e-f0fe-4cb5-b826-2bbf80d478da/cafe04.jpg","image_width":849,"image_height":565,"file_reference":{"id":"01e6044e-f0fe-4cb5-b826-2bbf80d478da","type":"internal"},"descriptions":[{"language":{"id":"00000000-0000-0000-0000-000000000000"},"description":"Dancing Goat Café - Allendale"},{"language":{"id":"c9f174fb-93da-4e3d-b26e-c68d56ec60cf"},"description":"Dancing Goat Café - Allendale"}],"last_modified":"2021-02-23T19:58:12.7778622Z"},{"folder":{"id":"a077eb61-aa11-515a-bbd0-dce2b2570d28"},"id":"ac3495c8-35ee-4217-b526-b171673775fa","file_name":"cafe04.jpg","title":"Café – Amsterdam","size":77708,"type":"image/jpeg","url":"https://assets-us-01.kc-usercontent.com/42dba6bd-8828-0037-e6e4-6cef45703442/c837767c-ce3a-492a-ae04-376b327d39c9/cafe04.jpg","image_width":849,"image_height":565,"file_reference":{"id":"c837767c-ce3a-492a-ae04-376b327d39c9","type":"internal"},"descriptions":[{"language":{"id":"00000000-0000-0000-0000-000000000000"},"description":"Dancing Goat Café – Amsterdam"},{"language":{"id":"c9f174fb-93da-4e3d-b26e-c68d56ec60cf"},"description":"Dancing Goat Café – Amsterdam"}],"last_modified":"2021-02-23T19:58:15.0617942Z"},{"id":"af6884b8-1281-484d-a9c3-130e9b74f4b0","file_name":"brazil.jpg","title":"Coffee - Brazil","size":73654,"type":"image/jpeg","url":"https://assets-us-01.kc-usercontent.com/42dba6bd-8828-0037-e6e4-6cef45703442/a6efbb7a-893e-4c01-95ae-594c3a2fe0b4/brazil.jpg","image_width":1080,"image_height":1080,"file_reference":{"id":"a6efbb7a-893e-4c01-95ae-594c3a2fe0b4","type":"internal"},"descriptions":[{"language":{"id":"00000000-0000-0000-0000-000000000000"},"description":"Brazil Natural Barra Grande Coffee Beans"},{"language":{"id":"c9f174fb-93da-4e3d-b26e-c68d56ec60cf"},"description":"Granos de cafe Brasilenos Barra Natural Grande"}],"last_modified":"2021-02-23T19:58:16.6557414Z"},{"id":"b541b3fc-6ec9-4c62-9a93-5a8d3fbb73aa","file_name":"banner-b2c.jpg","title":"Banner - Cup of coffee","size":73729,"type":"image/jpeg","url":"https://assets-us-01.kc-usercontent.com/42dba6bd-8828-0037-e6e4-6cef45703442/ebce1538-e483-4e1b-b3d1-ae1e270927a0/banner-b2c.jpg","image_width":1080,"image_height":380,"file_reference":{"id":"ebce1538-e483-4e1b-b3d1-ae1e270927a0","type":"internal"},"descriptions":[{"language":{"id":"00000000-0000-0000-0000-000000000000"},"description":"Cup of coffee"},{"language":{"id":"c9f174fb-93da-4e3d-b26e-c68d56ec60cf"},"description":"Taza de cafe"}],"last_modified":"2021-02-23T19:58:15.7024195Z"},{"id":"b9b98b71-c75a-484d-9c23-c6225229a3c2","file_name":"banner-default.jpg","title":"Banner - Coffee Bean Bag","size":75424,"type":"image/jpeg","url":"https://assets-us-01.kc-usercontent.com/42dba6bd-8828-0037-e6e4-6cef45703442/f8c0cf0d-3a33-40dc-870f-e03587984c92/banner-default.jpg","image_width":1080,"image_height":380,"file_reference":{"id":"f8c0cf0d-3a33-40dc-870f-e03587984c92","type":"internal"},"descriptions":[{"language":{"id":"00000000-0000-0000-0000-000000000000"},"description":"Coffee Bean Bag"},{"language":{"id":"c9f174fb-93da-4e3d-b26e-c68d56ec60cf"},"description":"Bolso de cafe en grano"}],"last_modified":"2021-02-23T19:58:13.7778646Z"},{"id":"c00d4c60-2cc7-4286-94fb-2b402878b7fd","file_name":"kenya.jpg","title":"Coffee - Kenya","size":73120,"type":"image/jpeg","url":"https://assets-us-01.kc-usercontent.com/42dba6bd-8828-0037-e6e4-6cef45703442/cde1d872-76de-42ea-9218-eeab1d174301/kenya.jpg","image_width":1080,"image_height":1080,"file_reference":{"id":"cde1d872-76de-42ea-9218-eeab1d174301","type":"internal"},"descriptions":[{"language":{"id":"00000000-0000-0000-0000-000000000000"},"description":"Kenya Gakuyuni AA Coffee Beans"},{"language":{"id":"c9f174fb-93da-4e3d-b26e-c68d56ec60cf"},"description":"Granos de cafe de Kenia Gakuyuni AA"}],"last_modified":"2021-02-23T19:58:09.8872271Z"},{"id":"d0200608-4b92-444d-8bba-10132219a1d7","file_name":"chemex-filters.jpg","title":"Chemex Paper Filters","size":35970,"type":"image/jpeg","url":"https://assets-us-01.kc-usercontent.com/42dba6bd-8828-0037-e6e4-6cef45703442/90d8adf4-ad88-481a-b513-44ee27c12470/chemex-filters.jpg","image_width":1080,"image_height":1080,"file_reference":{"id":"90d8adf4-ad88-481a-b513-44ee27c12470","type":"internal"},"descriptions":[{"language":{"id":"00000000-0000-0000-0000-000000000000"},"description":"Chemex Paper Filters"},{"language":{"id":"c9f174fb-93da-4e3d-b26e-c68d56ec60cf"},"description":"Filtros de papel Chemex"}],"last_modified":"2021-02-23T19:58:11.13726Z"},{"id":"d790433f-a4fb-479b-b3a2-c7ebf674187e","file_name":"hario-v60.jpg","title":"Hario V60 Coffee Maker","size":22453,"type":"image/jpeg","url":"https://assets-us-01.kc-usercontent.com/42dba6bd-8828-0037-e6e4-6cef45703442/7e12b014-1e2d-4ed6-8c8f-cb3ddae931c5/hario-v60.jpg","image_width":540,"image_height":540,"file_reference":{"id":"7e12b014-1e2d-4ed6-8c8f-cb3ddae931c5","type":"internal"},"descriptions":[{"language":{"id":"00000000-0000-0000-0000-000000000000"},"description":"Hario V60 Coffee Maker"},{"language":{"id":"c9f174fb-93da-4e3d-b26e-c68d56ec60cf"},"description":"Hario V60 Coffee Maker"}],"last_modified":"2021-02-23T19:58:16.8763061Z"},{"id":"dfb2e1e9-1ed9-4d8e-a346-738962dd19aa","file_name":"aero-press-filters.jpg","title":"AeroPress Paper Filter","size":35820,"type":"image/jpeg","url":"https://assets-us-01.kc-usercontent.com/42dba6bd-8828-0037-e6e4-6cef45703442/b5bf77b5-6e05-4eb6-aa98-5d254250c453/aero-press-filters.jpg","image_width":1080,"image_height":1080,"file_reference":{"id":"b5bf77b5-6e05-4eb6-aa98-5d254250c453","type":"internal"},"descriptions":[{"language":{"id":"00000000-0000-0000-0000-000000000000"},"description":"AeroPress Paper Filter"},{"language":{"id":"c9f174fb-93da-4e3d-b26e-c68d56ec60cf"},"description":"Filtro de papel AeroPress"}],"last_modified":"2021-02-23T19:58:19.0481886Z"},{"id":"e9cc3d51-5bd8-4024-9070-7fafac4a12f9","file_name":"coffee-cup-mug-cafe.jpg","title":null,"size":53124,"type":"image/jpeg","url":"https://assets-us-01.kc-usercontent.com/42dba6bd-8828-0037-e6e4-6cef45703442/b27f7343-4d1a-4efb-b99c-6c0ac51cf0c3/coffee-cup-mug-cafe.jpg","image_width":805,"image_height":537,"file_reference":{"id":"b27f7343-4d1a-4efb-b99c-6c0ac51cf0c3","type":"internal"},"descriptions":[{"language":{"id":"00000000-0000-0000-0000-000000000000"},"description":null},{"language":{"id":"c9f174fb-93da-4e3d-b26e-c68d56ec60cf"},"description":null}],"last_modified":"2021-02-23T19:58:12.5122364Z"},{"id":"ee0a3c2b-90dd-4e07-ad3c-e20d40ff5e0f","file_name":"aeropress.jpg","title":"AeroPress Coffee Maker","size":19222,"type":"image/jpeg","url":"https://assets-us-01.kc-usercontent.com/42dba6bd-8828-0037-e6e4-6cef45703442/5cf237ed-f197-4c04-8252-0a111a9384eb/aeropress.jpg","image_width":540,"image_height":540,"file_reference":{"id":"5cf237ed-f197-4c04-8252-0a111a9384eb","type":"internal"},"descriptions":[{"language":{"id":"00000000-0000-0000-0000-000000000000"},"description":"AeroPress Coffee Maker"},{"language":{"id":"c9f174fb-93da-4e3d-b26e-c68d56ec60cf"},"description":"Cafetera AeroPress"}],"last_modified":"2021-02-23T19:58:12.0122498Z"},{"folder":{"id":"a077eb61-aa11-515a-bbd0-dce2b2570d28"},"id":"f89c64b7-42d1-440d-b916-7fd99a60c5a4","file_name":"cafe06.jpg","title":"Café - New York","size":67694,"type":"image/jpeg","url":"https://assets-us-01.kc-usercontent.com/42dba6bd-8828-0037-e6e4-6cef45703442/56f08c16-a8ef-4054-9eec-ee7ba480ecaf/cafe06.jpg","image_width":849,"image_height":565,"file_reference":{"id":"56f08c16-a8ef-4054-9eec-ee7ba480ecaf","type":"internal"},"descriptions":[{"language":{"id":"00000000-0000-0000-0000-000000000000"},"description":"Dancing Goat Café - New York"},{"language":{"id":"c9f174fb-93da-4e3d-b26e-c68d56ec60cf"},"description":"Dancing Goat Café - New York"}],"last_modified":"2021-02-23T19:58:11.355979Z"},{"id":"ff8e4576-ae72-4c67-a9e1-e483e2c7bd0b","file_name":"our-story.jpg","title":"Background - Coffee Bean Bag","size":69518,"type":"image/jpeg","url":"https://assets-us-01.kc-usercontent.com/42dba6bd-8828-0037-e6e4-6cef45703442/61846573-d1fd-4cf8-ac50-151023bc0c65/our-story.jpg","image_width":2160,"image_height":1000,"file_reference":{"id":"61846573-d1fd-4cf8-ac50-151023bc0c65","type":"internal"},"descriptions":[{"language":{"id":"00000000-0000-0000-0000-000000000000"},"description":"Coffee Bean Bag"},{"language":{"id":"c9f174fb-93da-4e3d-b26e-c68d56ec60cf"},"description":"Bolso de cafe en grano"}],"last_modified":"2021-02-23T19:58:10.1372814Z"}]