[{"id":"c15bf48e-9172-41cf-8191-a5c1c848d9d4","name":"The Coffee Story","codename":"the_coffee_story","type":{"id":"2aac8b91-0b3b-5bf4-aae6-7e3f23c461cf"},"collection":{"id":"00000000-0000-0000-0000-000000000000"},"sitemap_locations":[],"last_modified":"2021-02-23T19:58:19.1575752Z"},{"id":"1c255cb7-314c-4826-84cb-3fab80c4070d","name":"Boston","codename":"boston","type":{"id":"9a622a46-e299-5d1c-b9e0-45ddf3f95803"},"collection":{"id":"00000000-0000-0000-0000-000000000000"},"sitemap_locations":[],"last_modified":"2021-02-23T19:58:19.2356569Z"},{"id":"f5b39fcb-11aa-4c3f-951c-49208c452a64","name":"How we source our coffees","codename":"how_we_source_our_coffees","type":{"id":"c765d86b-a7a8-564f-ac8b-3006322794b3"},"collection":{"id":"00000000-0000-0000-0000-000000000000"},"sitemap_locations":[],"last_modified":"2021-02-23T19:58:19.3450649Z"},{"id":"0ad67213-b741-4d5a-a68d-b6739c793538","name":"Brazil Natural Barra Grande","codename":"brazil_natural_barra_grande","type":{"id":"31c039c6-eae2-5653-97c6-1f4c22bc9f6a"},"collection":{"id":"00000000-0000-0000-0000-000000000000"},"sitemap_locations":[],"last_modified":"2021-02-23T19:58:19.4388131Z"},{"id":"d7488a4f-f204-49ac-a739-d5bf398a4896","name":"Coffee processing techniques","codename":"coffee_processing_techniques","type":{"id":"ba5cd79d-6d4b-5bed-a681-6aa3a366c8f7"},"collection":{"id":"00000000-0000-0000-0000-000000000000"},"sitemap_locations":[],"last_modified":"2021-02-23T19:58:19.5326605Z"},{"id":"488d1524-eed8-40af-b137-c335e7ed898c","name":"How we roast our coffees","codename":"how_we_roast_our_coffees","type":{"id":"c765d86b-a7a8-564f-ac8b-3006322794b3"},"collection":{"id":"00000000-0000-0000-0000-000000000000"},"sitemap_locations":[],"last_modified":"2021-02-23T19:58:19.6107Z"},{"id":"c1ca4827-177a-46ba-9414-fd155b17ea85","name":"Home","codename":"home","type":{"id":"069aa172-cee9-51b4-910b-9978c2d991b1"},"collection":{"id":"00000000-0000-0000-0000-000000000000"},"sitemap_locations":[],"last_modified":"2021-02-23T19:58:19.6888275Z"},{"id":"08c369e6-5bd6-4619-829f-ce38f1accdfe","name":"Donate with us","codename":"donate_with_us","type":{"id":"ba5cd79d-6d4b-5bed-a681-6aa3a366c8f7"},"collection":{"id":"00000000-0000-0000-0000-000000000000"},"sitemap_locations":[],"last_modified":"2021-02-23T19:58:19.7825741Z"},{"id":"a79b0ea8-a531-4381-8c3a-53b2c41e9792","name":"Espro Press","codename":"espro_press","type":{"id":"ed8f75df-fc02-5627-80fb-7a54563fa395"},"collection":{"id":"00000000-0000-0000-0000-000000000000"},"sitemap_locations":[],"last_modified":"2021-02-23T19:58:19.8607186Z"},{"id":"f1e56537-7a49-46e1-b3ed-c9d7ad748163","name":"HQ in North America","codename":"hq_in_north_america","type":{"id":"02c151a5-028e-5eb9-b6e1-cf3908f54694"},"collection":{"id":"00000000-0000-0000-0000-000000000000"},"sitemap_locations":[],"last_modified":"2021-02-23T19:58:19.9544472Z"},{"id":"37ad7f90-2632-456e-b29d-45c6077bda52","name":"New York","codename":"new_york","type":{"id":"9a622a46-e299-5d1c-b9e0-45ddf3f95803"},"collection":{"id":"00000000-0000-0000-0000-000000000000"},"sitemap_locations":[],"last_modified":"2021-02-23T19:58:20.0325618Z"},{"id":"3eaeca60-385e-4636-b505-32a27406e30f","name":"Which brewing fits you?","codename":"which_brewing_fits_you_","type":{"id":"ba5cd79d-6d4b-5bed-a681-6aa3a366c8f7"},"collection":{"id":"00000000-0000-0000-0000-000000000000"},"sitemap_locations":[],"last_modified":"2021-02-23T19:58:20.1419124Z"},{"id":"2f81639c-cf58-432e-853d-c8550449bd27","name":"Brisbane","codename":"brisbane","type":{"id":"9a622a46-e299-5d1c-b9e0-45ddf3f95803"},"collection":{"id":"00000000-0000-0000-0000-000000000000"},"sitemap_locations":[],"last_modified":"2021-02-23T19:58:21.3672686Z"},{"id":"8b7c5b25-3ae0-4a38-a5f5-7bd4e0a1dc97","name":"London","codename":"london_","type":{"id":"9a622a46-e299-5d1c-b9e0-45ddf3f95803"},"collection":{"id":"00000000-0000-0000-0000-000000000000"},"sitemap_locations":[],"last_modified":"2021-02-23T19:58:21.4453423Z"},{"id":"e51362f2-25fe-41e3-9228-6719a907aeab","name":"Hario Mini Mill Slim","codename":"hario_mini_mill_slim","type":{"id":"16242b8d-9ccb-5695-9839-5166f8deff39"},"collection":{"id":"00000000-0000-0000-0000-000000000000"},"sitemap_locations":[],"last_modified":"2021-02-23T19:58:21.5234936Z"},{"id":"7d1f98b9-564a-44ec-b2af-3e808e8be318","name":"AeroPress","codename":"aeropress","type":{"id":"ed8f75df-fc02-5627-80fb-7a54563fa395"},"collection":{"id":"00000000-0000-0000-0000-000000000000"},"sitemap_locations":[],"last_modified":"2021-02-23T19:58:21.6015922Z"},{"id":"254b1ec3-74e7-49f1-bb43-7a0d70a7060e","name":"Melbourne","codename":"melbourne","type":{"id":"9a622a46-e299-5d1c-b9e0-45ddf3f95803"},"collection":{"id":"00000000-0000-0000-0000-000000000000"},"sitemap_locations":[],"last_modified":"2021-02-23T19:58:21.6953406Z"},{"id":"fa380f12-b838-4a88-a203-793d8be4f7c3","name":"Paper Filters for Chemex","codename":"paper_filters_for_chemex","type":{"id":"a9591fcd-a8c4-561d-ae2a-626ebcb766ad"},"collection":{"id":"00000000-0000-0000-0000-000000000000"},"sitemap_locations":[],"last_modified":"2021-02-23T19:58:21.8047195Z"},{"id":"e0a09867-f2db-4c65-8452-bc5b88097f69","name":"Hario V60","codename":"hario_v60","type":{"id":"ed8f75df-fc02-5627-80fb-7a54563fa395"},"collection":{"id":"00000000-0000-0000-0000-000000000000"},"sitemap_locations":[],"last_modified":"2021-02-23T19:58:21.8828439Z"},{"id":"712bb1f2-1f83-440d-bf4a-c578cf860a72","name":"AeroPress Filters","codename":"aeropress_filters","type":{"id":"a9591fcd-a8c4-561d-ae2a-626ebcb766ad"},"collection":{"id":"00000000-0000-0000-0000-000000000000"},"sitemap_locations":[],"last_modified":"2021-02-23T19:58:21.9609646Z"},{"id":"9baf5f12-fa2b-4a4b-9443-2f5b4cb67d6d","name":"Porlex Tall Ceramic Burr Grinder","codename":"porlex_tall_ceramic_burr_grinder","type":{"id":"16242b8d-9ccb-5695-9839-5166f8deff39"},"collection":{"id":"00000000-0000-0000-0000-000000000000"},"sitemap_locations":[],"last_modified":"2021-02-23T19:58:22.0547143Z"},{"id":"b09e70d5-d025-4cf0-a157-8797f7bc224f","name":"Madrid","codename":"madrid","type":{"id":"9a622a46-e299-5d1c-b9e0-45ddf3f95803"},"collection":{"id":"00000000-0000-0000-0000-000000000000"},"sitemap_locations":[],"last_modified":"2021-02-23T19:58:22.1484659Z"},{"id":"c5ebec7f-d7a2-4349-9f69-f226473017aa","name":"Office in Europe","codename":"office_in_europe","type":{"id":"02c151a5-028e-5eb9-b6e1-cf3908f54694"},"collection":{"id":"00000000-0000-0000-0000-000000000000"},"sitemap_locations":[],"last_modified":"2021-02-23T19:58:23.8672458Z"},{"id":"7bc6bb52-048b-4ac0-9acf-dff84b05e5d1","name":"Hario Vacuum Pot","codename":"hario_vacuum_pot","type":{"id":"ed8f75df-fc02-5627-80fb-7a54563fa395"},"collection":{"id":"00000000-0000-0000-0000-000000000000"},"sitemap_locations":[],"last_modified":"2021-02-23T19:58:23.9610174Z"},{"id":"8a6f5a53-8aa5-4a95-b417-b49dfa1df605","name":"Kenya Gakuyuni AA","codename":"kenya_gakuyuni_aa","type":{"id":"31c039c6-eae2-5653-97c6-1f4c22bc9f6a"},"collection":{"id":"00000000-0000-0000-0000-000000000000"},"sitemap_locations":[],"last_modified":"2021-02-23T19:58:24.0235459Z"},{"id":"607ee7df-a261-4d4f-b381-d1ecae37ae8e","name":"Our philosophy","codename":"our_philosophy","type":{"id":"c765d86b-a7a8-564f-ac8b-3006322794b3"},"collection":{"id":"00000000-0000-0000-0000-000000000000"},"sitemap_locations":[],"last_modified":"2021-02-23T19:58:24.1172468Z"},{"id":"a608c2d2-e8a5-4d53-8827-d02bbeeaa5a2","name":"Our story","codename":"our_story","type":{"id":"c765d86b-a7a8-564f-ac8b-3006322794b3"},"collection":{"id":"00000000-0000-0000-0000-000000000000"},"sitemap_locations":[],"last_modified":"2021-02-23T19:58:24.1954039Z"},{"id":"aa545dc2-34ee-4190-af9a-0789f71b9e17","name":"Hario Buono Kettle","codename":"hario_buono_kettle","type":{"id":"a9591fcd-a8c4-561d-ae2a-626ebcb766ad"},"collection":{"id":"00000000-0000-0000-0000-000000000000"},"sitemap_locations":[],"last_modified":"2021-02-23T19:58:24.3047487Z"},{"id":"39d4b611-d6e5-45bd-a5e5-d0175c36f40e","name":"Office in Australia","codename":"office_in_australia","type":{"id":"02c151a5-028e-5eb9-b6e1-cf3908f54694"},"collection":{"id":"00000000-0000-0000-0000-000000000000"},"sitemap_locations":[],"last_modified":"2021-02-23T19:58:24.4141247Z"},{"id":"2ed282cb-6df4-48e1-baa4-9a6fe067ce73","name":"Origins of Arabica Bourbon","codename":"origins_of_arabica_bourbon","type":{"id":"ba5cd79d-6d4b-5bed-a681-6aa3a366c8f7"},"collection":{"id":"00000000-0000-0000-0000-000000000000"},"sitemap_locations":[],"last_modified":"2021-02-23T19:58:24.5078815Z"},{"id":"06a6da55-26ea-494f-9392-38ef213f9e58","name":"Los Angeles","codename":"los_angeles","type":{"id":"9a622a46-e299-5d1c-b9e0-45ddf3f95803"},"collection":{"id":"00000000-0000-0000-0000-000000000000"},"sitemap_locations":[],"last_modified":"2021-02-23T19:58:24.5860251Z"},{"id":"be619724-0910-4d23-8aa4-857c1464c2c6","name":"Colombia Carlos Imbachi","codename":"colombia_carlos_imbachi","type":{"id":"31c039c6-eae2-5653-97c6-1f4c22bc9f6a"},"collection":{"id":"00000000-0000-0000-0000-000000000000"},"sitemap_locations":[],"last_modified":"2021-02-23T19:58:24.6953741Z"},{"id":"ca3e6515-149a-41a0-8be0-151525ea0598","name":"Chemex","codename":"chemex","type":{"id":"ed8f75df-fc02-5627-80fb-7a54563fa395"},"collection":{"id":"00000000-0000-0000-0000-000000000000"},"sitemap_locations":[],"last_modified":"2021-02-23T19:58:26.6953799Z"},{"id":"22af7f15-162a-48b6-9b76-a0a86dc2c24d","name":"Hario Skerton Hand Grinder","codename":"hario_skerton_hand_grinder","type":{"id":"16242b8d-9ccb-5695-9839-5166f8deff39"},"collection":{"id":"00000000-0000-0000-0000-000000000000"},"sitemap_locations":[],"last_modified":"2021-02-23T19:58:26.7891308Z"},{"id":"fd50b7c6-7f9c-4bfe-9da5-d665510cee04","name":"Coffee Beverages Explained","codename":"coffee_beverages_explained","type":{"id":"ba5cd79d-6d4b-5bed-a681-6aa3a366c8f7"},"collection":{"id":"00000000-0000-0000-0000-000000000000"},"sitemap_locations":[],"last_modified":"2021-02-23T19:58:26.8985548Z"},{"id":"42156408-7e21-4db1-82da-f234179f0e78","name":"About us","codename":"about_us","type":{"id":"014f98c0-40e2-5052-8fe1-00740752ce24"},"collection":{"id":"00000000-0000-0000-0000-000000000000"},"sitemap_locations":[],"last_modified":"2021-02-23T19:58:26.9922832Z"},{"id":"22e66949-0d31-4714-98ce-8a296755cc32","name":"Where does coffee come from?","codename":"where_does_coffee_come_from_","type":{"id":"ba5cd79d-6d4b-5bed-a681-6aa3a366c8f7"},"collection":{"id":"00000000-0000-0000-0000-000000000000"},"sitemap_locations":[],"last_modified":"2021-02-23T19:58:27.0704164Z"},{"id":"ca6e9049-5db5-4442-af34-ece0abdaccc4","name":"Home page hero unit","codename":"home_page_hero_unit","type":{"id":"94dfdc89-729d-53c1-896b-5991e7f0e9ec"},"collection":{"id":"00000000-0000-0000-0000-000000000000"},"sitemap_locations":[],"last_modified":"2021-02-23T19:58:27.1485716Z"},{"id":"95a730c1-5a11-4a81-8ef4-cfb449b546a0","name":"Amsterdam","codename":"amsterdam","type":{"id":"9a622a46-e299-5d1c-b9e0-45ddf3f95803"},"collection":{"id":"00000000-0000-0000-0000-000000000000"},"sitemap_locations":[],"last_modified":"2021-02-23T19:58:27.2422852Z"},{"id":"cd2bdb29-39fb-4aa2-81b3-c75ec59f3758","name":"Allendale","codename":"allendale","type":{"id":"9a622a46-e299-5d1c-b9e0-45ddf3f95803"},"collection":{"id":"00000000-0000-0000-0000-000000000000"},"sitemap_locations":[],"last_modified":"2021-02-23T19:58:27.3204046Z"},{"id":"fcd0e7a9-35b1-4ac8-ae2b-d6e93793b4da","name":"Sydney","codename":"sydney","type":{"id":"9a622a46-e299-5d1c-b9e0-45ddf3f95803"},"collection":{"id":"00000000-0000-0000-0000-000000000000"},"sitemap_locations":[],"last_modified":"2021-02-23T19:58:27.4141596Z"},{"id":"7c589ee9-9792-436e-af2e-b1f1e9181a52","name":"Home page promotion","codename":"home_page_promotion","type":{"id":"94dfdc89-729d-53c1-896b-5991e7f0e9ec"},"collection":{"id":"00000000-0000-0000-0000-000000000000"},"sitemap_locations":[],"last_modified":"2021-02-23T19:58:27.5235287Z"},{"id":"2b6f43e6-6205-4fc0-9f94-4075d7f365d6","name":"Homepage","codename":"homepage","type":{"id":"a7eae46f-38e7-5069-b19e-381923d7a9c5"},"collection":{"id":"00000000-0000-0000-0000-000000000000"},"sitemap_locations":[],"last_modified":"2021-02-23T19:58:29.742793Z"},{"id":"728e5744-2623-4f7f-8ce0-69d8d492f76c","name":"Articles","codename":"articles","type":{"id":"9edee246-6b99-58f5-9032-d993f04d84dc"},"collection":{"id":"00000000-0000-0000-0000-000000000000"},"sitemap_locations":[],"last_modified":"2021-02-23T19:58:29.8365314Z"},{"id":"77006bf1-8c37-41be-9292-028bde4635dd","name":"On Roasts","codename":"on_roasts","type":{"id":"ba5cd79d-6d4b-5bed-a681-6aa3a366c8f7"},"collection":{"id":"00000000-0000-0000-0000-000000000000"},"sitemap_locations":[],"last_modified":"2021-02-23T19:58:29.9302901Z"},{"id":"eb18e343-bceb-460e-9bd3-f86e7b1f56b3","name":"About Us","codename":"about_us_3e848f2","type":{"id":"9edee246-6b99-58f5-9032-d993f04d84dc"},"collection":{"id":"00000000-0000-0000-0000-000000000000"},"sitemap_locations":[],"last_modified":"2021-02-23T19:58:30.0240488Z"},{"id":"f17ecf5a-f390-45b5-a9b4-82604c24613b","name":"Cafes","codename":"cafes","type":{"id":"9edee246-6b99-58f5-9032-d993f04d84dc"},"collection":{"id":"00000000-0000-0000-0000-000000000000"},"sitemap_locations":[],"last_modified":"2021-02-23T19:58:30.1021585Z"},{"id":"71012a66-92fe-47d5-9010-d22ffb7d3990","name":"Contact","codename":"contact","type":{"id":"9edee246-6b99-58f5-9032-d993f04d84dc"},"collection":{"id":"00000000-0000-0000-0000-000000000000"},"sitemap_locations":[],"last_modified":"2021-02-23T19:58:30.211708Z"},{"id":"19b48b29-071b-4729-b400-06abd527da5b","name":"Products","codename":"products","type":{"id":"9edee246-6b99-58f5-9032-d993f04d84dc"},"collection":{"id":"00000000-0000-0000-0000-000000000000"},"sitemap_locations":[],"last_modified":"2021-02-23T19:58:30.2898631Z"},{"id":"2ed829c3-d83e-4191-bc54-52bd228d77e0","name":"Coffees","codename":"coffees","type":{"id":"9edee246-6b99-58f5-9032-d993f04d84dc"},"collection":{"id":"00000000-0000-0000-0000-000000000000"},"sitemap_locations":[],"last_modified":"2021-02-23T19:58:30.3836127Z"},{"id":"7b73a7e7-ce68-4d52-930b-3acb09d85624","name":"Brewers","codename":"brewers","type":{"id":"9edee246-6b99-58f5-9032-d993f04d84dc"},"collection":{"id":"00000000-0000-0000-0000-000000000000"},"sitemap_locations":[],"last_modified":"2021-02-23T19:58:30.4617404Z"},{"id":"5ee78a2f-e504-4e0f-8c64-4467ebdc27d6","name":"Articles Listing Page","codename":"articles_listing_page","type":{"id":"1c509ce7-49c7-57e1-8504-3eb9b2eda1b1"},"collection":{"id":"00000000-0000-0000-0000-000000000000"},"sitemap_locations":[],"last_modified":"2021-02-23T19:58:30.5398677Z"},{"id":"19c33729-5bf3-4730-9d55-3379ee88a557","name":"Coffees Listing Page","codename":"coffees_listing_page","type":{"id":"1c509ce7-49c7-57e1-8504-3eb9b2eda1b1"},"collection":{"id":"00000000-0000-0000-0000-000000000000"},"sitemap_locations":[],"last_modified":"2021-02-23T19:58:32.1805098Z"},{"id":"e1c82aa4-f65f-4ca7-83fc-49df223f0789","name":"Brewers Listing Page","codename":"brewers_listing_page","type":{"id":"1c509ce7-49c7-57e1-8504-3eb9b2eda1b1"},"collection":{"id":"00000000-0000-0000-0000-000000000000"},"sitemap_locations":[],"last_modified":"2021-02-23T19:58:32.2586176Z"}]