[{"id":"16b72a3b-d2b4-4f2c-96e0-f4b1b64444fa","name":"The Coffee Story","codename":"the_coffee_story","type":{"id":"269202ad-1d9d-47fd-b3e8-bdb05b3e3cf0"},"collection":{"id":"00000000-0000-0000-0000-000000000000"},"sitemap_locations":[],"last_modified":"2018-08-08T19:00:15.181Z"},{"id":"028f0e05-9f17-45be-962d-62bebe6b6f53","name":"Boston","codename":"boston","type":{"id":"fe41ae5a-5fe2-420a-8560-f7d6d3533dc2"},"collection":{"id":"00000000-0000-0000-0000-000000000000"},"sitemap_locations":[{"id":"a60fe91c-88ea-6990-fe3b-cf8f8504cd33"},{"id":"6f648389-3bce-43ec-2529-e5ff3e12ebe7"},{"id":"63e2c1d0-bb5b-34f2-e901-adc61a76d3d9"}],"last_modified":"2016-09-05T14:12:49.091Z"},{"id":"18689ab0-e5ff-4ca5-bd13-ae3b5997c2d9","name":"How we source our coffees","codename":"how_we_source_our_coffees","type":{"id":"b99ec220-0f2b-4658-a080-ff0afe92f6d1"},"collection":{"id":"00000000-0000-0000-0000-000000000000"},"sitemap_locations":[{"id":"398551ec-3f19-b177-2661-69bed4f35e20"}],"last_modified":"2016-10-20T12:47:13.65Z"},{"id":"0c9a11bb-6fc3-409c-b3cb-f0b797e15489","name":"Brazil Natural Barra Grande","codename":"brazil_natural_barra_grande","type":{"id":"929985ac-4aa5-436b-85a2-94c2d4fbbebd"},"collection":{"id":"00000000-0000-0000-0000-000000000000"},"sitemap_locations":[{"id":"c6e04208-d6dd-1e25-f7ac-526daf042fb6"}],"last_modified":"2017-04-04T13:50:19.51Z"},{"id":"117cdfae-52cf-4885-b271-66aef6825612","name":"Coffee processing techniques","codename":"coffee_processing_techniques","type":{"id":"b7aa4a53-d9b1-48cf-b7a6-ed0b182c4b89"},"collection":{"id":"00000000-0000-0000-0000-000000000000"},"sitemap_locations":[{"id":"45a123f3-1c55-c697-7dae-78369c8f1e2c"}],"last_modified":"2017-04-04T13:40:14.641Z"},{"id":"1c303d3b-27a9-4827-b0c0-fb05da17ccbc","name":"How we roast our coffees","codename":"how_we_roast_our_coffees","type":{"id":"b99ec220-0f2b-4658-a080-ff0afe92f6d1"},"collection":{"id":"00000000-0000-0000-0000-000000000000"},"sitemap_locations":[{"id":"398551ec-3f19-b177-2661-69bed4f35e20"}],"last_modified":"2017-04-04T11:48:26.187Z"},{"id":"1bd6ba00-4bf2-4a2b-8334-917faa686f66","name":"Home","codename":"home","type":{"id":"a29399c3-5281-47ab-9916-acd4a6f887b7"},"collection":{"id":"00000000-0000-0000-0000-000000000000"},"sitemap_locations":[{"id":"778dd673-a341-41db-0735-a9d6bcede0b3"}],"last_modified":"2017-04-04T13:53:08.663Z"},{"id":"23f71096-fa89-4f59-a3f9-970e970944ec","name":"Donate with us","codename":"donate_with_us","type":{"id":"b7aa4a53-d9b1-48cf-b7a6-ed0b182c4b89"},"collection":{"id":"00000000-0000-0000-0000-000000000000"},"sitemap_locations":[{"id":"45a123f3-1c55-c697-7dae-78369c8f1e2c"}],"last_modified":"2017-04-04T13:40:29.97Z"},{"id":"2eb0192c-59fc-4c46-8737-a7a5b9f283d2","name":"Espro Press","codename":"espro_press","type":{"id":"7bc932b3-ce2a-4aa7-954e-04cbcbd214fc"},"collection":{"id":"00000000-0000-0000-0000-000000000000"},"sitemap_locations":[],"last_modified":"2017-10-18T08:17:12.841Z"},{"id":"27382aa5-dd5b-4209-ae2f-e18ccae90771","name":"HQ in North America","codename":"hq_in_north_america","type":{"id":"e097306b-3893-4a42-9973-2525fad14d66"},"collection":{"id":"00000000-0000-0000-0000-000000000000"},"sitemap_locations":[{"id":"aac5fdf9-5179-f788-8225-3bcee3093aa4"},{"id":"22110d88-4b92-32a0-db61-9b8dbe401920"}],"last_modified":"2018-08-10T08:20:13.521Z"},{"id":"3eb5191f-4ce1-4965-bffb-87d8f3cdca08","name":"New York","codename":"new_york","type":{"id":"fe41ae5a-5fe2-420a-8560-f7d6d3533dc2"},"collection":{"id":"00000000-0000-0000-0000-000000000000"},"sitemap_locations":[{"id":"a60fe91c-88ea-6990-fe3b-cf8f8504cd33"},{"id":"6f648389-3bce-43ec-2529-e5ff3e12ebe7"},{"id":"63e2c1d0-bb5b-34f2-e901-adc61a76d3d9"}],"last_modified":"2016-09-05T14:14:08.428Z"},{"id":"3120ec15-a4a2-47ec-8ccd-c85ac8ac5ba5","name":"Which brewing fits you?","codename":"which_brewing_fits_you_","type":{"id":"b7aa4a53-d9b1-48cf-b7a6-ed0b182c4b89"},"collection":{"id":"00000000-0000-0000-0000-000000000000"},"sitemap_locations":[{"id":"45a123f3-1c55-c697-7dae-78369c8f1e2c"}],"last_modified":"2017-04-07T12:23:23.282Z"},{"id":"33389c83-dcfe-48f9-b0ee-f94aeabd2b08","name":"Brisbane","codename":"brisbane","type":{"id":"fe41ae5a-5fe2-420a-8560-f7d6d3533dc2"},"collection":{"id":"00000000-0000-0000-0000-000000000000"},"sitemap_locations":[{"id":"a60fe91c-88ea-6990-fe3b-cf8f8504cd33"},{"id":"98c9e0f1-b6f7-510d-522a-0d39fc62aa1a"}],"last_modified":"2016-09-01T08:34:04.94Z"},{"id":"473cd60b-a2a7-4e5b-8353-5d1995dd4b50","name":"London","codename":"london_","type":{"id":"fe41ae5a-5fe2-420a-8560-f7d6d3533dc2"},"collection":{"id":"00000000-0000-0000-0000-000000000000"},"sitemap_locations":[{"id":"a60fe91c-88ea-6990-fe3b-cf8f8504cd33"},{"id":"ef86a740-9e4c-0b33-4275-ae78558e71a7"}],"last_modified":"2016-09-01T08:35:26.736Z"},{"id":"3ae25151-244c-4db5-80ed-9ac44a7b8a31","name":"Hario Mini Mill Slim","codename":"hario_mini_mill_slim","type":{"id":"da4f1cb1-8a55-43e5-9fcc-67ad331c8888"},"collection":{"id":"00000000-0000-0000-0000-000000000000"},"sitemap_locations":[{"id":"8fdb2025-e240-1a17-df13-b5914a681730"}],"last_modified":"2017-04-04T13:52:20.051Z"},{"id":"5d6167df-e39d-4877-999d-49e6e96fd8b0","name":"AeroPress","codename":"aeropress","type":{"id":"7bc932b3-ce2a-4aa7-954e-04cbcbd214fc"},"collection":{"id":"00000000-0000-0000-0000-000000000000"},"sitemap_locations":[{"id":"0b7a84cd-8547-504e-b1aa-1ae8f7b6b675"}],"last_modified":"2017-04-04T13:48:16.825Z"},{"id":"69f5c2f3-7efd-46cb-9adc-4fd0200f81cc","name":"Melbourne","codename":"melbourne","type":{"id":"fe41ae5a-5fe2-420a-8560-f7d6d3533dc2"},"collection":{"id":"00000000-0000-0000-0000-000000000000"},"sitemap_locations":[{"id":"a60fe91c-88ea-6990-fe3b-cf8f8504cd33"},{"id":"98c9e0f1-b6f7-510d-522a-0d39fc62aa1a"}],"last_modified":"2017-02-06T15:05:22.891Z"},{"id":"5e1997a2-9f9b-43ba-92f3-3cb36409d811","name":"Paper Filters for Chemex","codename":"paper_filters_for_chemex","type":{"id":"d9748663-f567-4c51-a922-c24a1d6b935a"},"collection":{"id":"00000000-0000-0000-0000-000000000000"},"sitemap_locations":[{"id":"fedea22c-4ab7-908e-6ac0-85b9730e3a6c"}],"last_modified":"2017-04-04T13:39:15.03Z"},{"id":"60cc5327-ee90-4472-8e46-4c2b95cfb2bc","name":"Hario V60","codename":"hario_v60","type":{"id":"7bc932b3-ce2a-4aa7-954e-04cbcbd214fc"},"collection":{"id":"00000000-0000-0000-0000-000000000000"},"sitemap_locations":[{"id":"0b7a84cd-8547-504e-b1aa-1ae8f7b6b675"}],"last_modified":"2017-04-04T13:48:45.929Z"},{"id":"65832c4e-8e9c-445f-a001-b9528d13dac8","name":"AeroPress Filters","codename":"aeropress_filters","type":{"id":"d9748663-f567-4c51-a922-c24a1d6b935a"},"collection":{"id":"00000000-0000-0000-0000-000000000000"},"sitemap_locations":[{"id":"fedea22c-4ab7-908e-6ac0-85b9730e3a6c"},{"id":"520cd789-9b80-8e92-e792-137797833c3c"}],"last_modified":"2017-04-04T13:38:32.403Z"},{"id":"6a4bbe7b-e6ce-4f79-a006-174708cb91e6","name":"Porlex Tall Ceramic Burr Grinder","codename":"porlex_tall_ceramic_burr_grinder","type":{"id":"da4f1cb1-8a55-43e5-9fcc-67ad331c8888"},"collection":{"id":"00000000-0000-0000-0000-000000000000"},"sitemap_locations":[{"id":"8fdb2025-e240-1a17-df13-b5914a681730"}],"last_modified":"2017-04-04T13:52:33.328Z"},{"id":"92e7260d-d65a-45f1-8a1e-aad8162f209c","name":"Madrid","codename":"madrid","type":{"id":"fe41ae5a-5fe2-420a-8560-f7d6d3533dc2"},"collection":{"id":"00000000-0000-0000-0000-000000000000"},"sitemap_locations":[{"id":"a60fe91c-88ea-6990-fe3b-cf8f8504cd33"},{"id":"ef86a740-9e4c-0b33-4275-ae78558e71a7"}],"last_modified":"2016-09-01T08:36:18.062Z"},{"id":"93881880-ad7a-4976-ba56-6039dda07aea","name":"Office in Europe","codename":"office_in_europe","type":{"id":"e097306b-3893-4a42-9973-2525fad14d66"},"collection":{"id":"00000000-0000-0000-0000-000000000000"},"sitemap_locations":[{"id":"aac5fdf9-5179-f788-8225-3bcee3093aa4"},{"id":"22110d88-4b92-32a0-db61-9b8dbe401920"}],"last_modified":"2016-10-20T10:51:00.162Z"},{"id":"70d07ed8-207e-41ca-b25d-cdfa3f941eb3","name":"Hario Vacuum Pot","codename":"hario_vacuum_pot","type":{"id":"7bc932b3-ce2a-4aa7-954e-04cbcbd214fc"},"collection":{"id":"00000000-0000-0000-0000-000000000000"},"sitemap_locations":[],"last_modified":"2017-10-18T08:13:52.211Z"},{"id":"80c7074b-3da1-4e1d-882b-c5716ebb4d25","name":"Kenya Gakuyuni AA","codename":"kenya_gakuyuni_aa","type":{"id":"929985ac-4aa5-436b-85a2-94c2d4fbbebd"},"collection":{"id":"00000000-0000-0000-0000-000000000000"},"sitemap_locations":[{"id":"c6e04208-d6dd-1e25-f7ac-526daf042fb6"}],"last_modified":"2017-04-04T13:50:51.712Z"},{"id":"a4aad96b-3f5d-41a9-b2c7-e0132bd533ec","name":"Our philosophy","codename":"our_philosophy","type":{"id":"b99ec220-0f2b-4658-a080-ff0afe92f6d1"},"collection":{"id":"00000000-0000-0000-0000-000000000000"},"sitemap_locations":[{"id":"398551ec-3f19-b177-2661-69bed4f35e20"}],"last_modified":"2016-10-20T12:06:18.34Z"},{"id":"a22b5778-f4ac-490e-a9e0-e8326d2e087c","name":"Our story","codename":"our_story","type":{"id":"b99ec220-0f2b-4658-a080-ff0afe92f6d1"},"collection":{"id":"00000000-0000-0000-0000-000000000000"},"sitemap_locations":[{"id":"398551ec-3f19-b177-2661-69bed4f35e20"}],"last_modified":"2017-04-04T11:49:14.973Z"},{"id":"a116aa95-df64-4172-ae8c-743ed8b6d0d8","name":"Hario Buono Kettle","codename":"hario_buono_kettle","type":{"id":"d9748663-f567-4c51-a922-c24a1d6b935a"},"collection":{"id":"00000000-0000-0000-0000-000000000000"},"sitemap_locations":[{"id":"fedea22c-4ab7-908e-6ac0-85b9730e3a6c"}],"last_modified":"2017-04-04T13:38:59.019Z"},{"id":"a815faa5-009e-489b-b8bb-a7f3dda0e047","name":"Office in Australia","codename":"office_in_australia","type":{"id":"e097306b-3893-4a42-9973-2525fad14d66"},"collection":{"id":"00000000-0000-0000-0000-000000000000"},"sitemap_locations":[{"id":"aac5fdf9-5179-f788-8225-3bcee3093aa4"},{"id":"22110d88-4b92-32a0-db61-9b8dbe401920"}],"last_modified":"2016-10-20T10:50:51.011Z"},{"id":"b2fea94c-73fd-42ec-a22f-f409878de187","name":"Origins of Arabica Bourbon","codename":"origins_of_arabica_bourbon","type":{"id":"b7aa4a53-d9b1-48cf-b7a6-ed0b182c4b89"},"collection":{"id":"00000000-0000-0000-0000-000000000000"},"sitemap_locations":[{"id":"45a123f3-1c55-c697-7dae-78369c8f1e2c"}],"last_modified":"2017-04-04T13:45:44.153Z"},{"id":"de4bfc43-0daf-4aed-960d-49ad4d8f95ad","name":"Los Angeles","codename":"los_angeles","type":{"id":"fe41ae5a-5fe2-420a-8560-f7d6d3533dc2"},"collection":{"id":"00000000-0000-0000-0000-000000000000"},"sitemap_locations":[{"id":"a60fe91c-88ea-6990-fe3b-cf8f8504cd33"},{"id":"6f648389-3bce-43ec-2529-e5ff3e12ebe7"},{"id":"63e2c1d0-bb5b-34f2-e901-adc61a76d3d9"}],"last_modified":"2016-09-05T14:14:00.664Z"},{"id":"baccdc8b-7dd1-40ea-98bb-6a992b0558df","name":"Colombia Carlos Imbachi","codename":"colombia_carlos_imbachi","type":{"id":"929985ac-4aa5-436b-85a2-94c2d4fbbebd"},"collection":{"id":"00000000-0000-0000-0000-000000000000"},"sitemap_locations":[{"id":"c6e04208-d6dd-1e25-f7ac-526daf042fb6"}],"last_modified":"2017-04-04T13:50:38.548Z"},{"id":"e4bb42f6-ba73-4a93-8082-2edd891b40e4","name":"Chemex","codename":"chemex","type":{"id":"7bc932b3-ce2a-4aa7-954e-04cbcbd214fc"},"collection":{"id":"00000000-0000-0000-0000-000000000000"},"sitemap_locations":[{"id":"0b7a84cd-8547-504e-b1aa-1ae8f7b6b675"}],"last_modified":"2017-04-04T13:48:32.614Z"},{"id":"b96829e8-c00d-447f-8da8-cf4982f704fd","name":"Hario Skerton Hand Grinder","codename":"hario_skerton_hand_grinder","type":{"id":"da4f1cb1-8a55-43e5-9fcc-67ad331c8888"},"collection":{"id":"00000000-0000-0000-0000-000000000000"},"sitemap_locations":[{"id":"8fdb2025-e240-1a17-df13-b5914a681730"}],"last_modified":"2017-04-04T13:52:11.799Z"},{"id":"cf106f4e-30a4-42ef-b313-b8ea3fd3e5c5","name":"Coffee Beverages Explained","codename":"coffee_beverages_explained","type":{"id":"b7aa4a53-d9b1-48cf-b7a6-ed0b182c4b89"},"collection":{"id":"00000000-0000-0000-0000-000000000000"},"sitemap_locations":[{"id":"45a123f3-1c55-c697-7dae-78369c8f1e2c"}],"last_modified":"2017-04-04T13:40:00.11Z"},{"id":"ef23e568-6aa2-42cd-a120-7823c0ef19f7","name":"About us","codename":"about_us","type":{"id":"b2c14f2c-6467-460b-a70b-bca17972a33a"},"collection":{"id":"00000000-0000-0000-0000-000000000000"},"sitemap_locations":[{"id":"398551ec-3f19-b177-2661-69bed4f35e20"}],"last_modified":"2017-04-04T13:33:25.099Z"},{"id":"e5d575fe-9608-4523-a07d-e32d780bf92a","name":"Where does coffee come from?","codename":"where_does_coffee_come_from_","type":{"id":"b7aa4a53-d9b1-48cf-b7a6-ed0b182c4b89"},"collection":{"id":"00000000-0000-0000-0000-000000000000"},"sitemap_locations":[{"id":"45a123f3-1c55-c697-7dae-78369c8f1e2c"}],"last_modified":"2018-09-04T07:33:41.284Z"},{"id":"ec14497e-11ae-4759-80e4-4282717dbc2c","name":"Home page hero unit","codename":"home_page_hero_unit","type":{"id":"f4deeb7e-fe9b-49a2-a5f6-a51a9be6ac73"},"collection":{"id":"00000000-0000-0000-0000-000000000000"},"sitemap_locations":[{"id":"778dd673-a341-41db-0735-a9d6bcede0b3"}],"last_modified":"2016-10-20T12:15:15.735Z"},{"id":"e844a6aa-4dc4-464f-8ae9-f9f66cc6ab61","name":"Amsterdam","codename":"amsterdam","type":{"id":"fe41ae5a-5fe2-420a-8560-f7d6d3533dc2"},"collection":{"id":"00000000-0000-0000-0000-000000000000"},"sitemap_locations":[{"id":"ef86a740-9e4c-0b33-4275-ae78558e71a7"},{"id":"a65962ef-fccc-2112-956b-e831bb86dec0"},{"id":"a60fe91c-88ea-6990-fe3b-cf8f8504cd33"}],"last_modified":"2016-09-01T08:25:04.466Z"},{"id":"e81a0107-8e09-4f2e-b583-8869abe5952a","name":"Allendale","codename":"allendale","type":{"id":"fe41ae5a-5fe2-420a-8560-f7d6d3533dc2"},"collection":{"id":"00000000-0000-0000-0000-000000000000"},"sitemap_locations":[{"id":"a60fe91c-88ea-6990-fe3b-cf8f8504cd33"},{"id":"6f648389-3bce-43ec-2529-e5ff3e12ebe7"},{"id":"6b6fd2b3-7e80-c7cf-72f7-f3a31626909c"},{"id":"63e2c1d0-bb5b-34f2-e901-adc61a76d3d9"}],"last_modified":"2016-09-05T14:13:52.934Z"},{"id":"f7ed29df-c6f6-4bfe-bc83-6cc8f718c281","name":"Sydney","codename":"sydney","type":{"id":"fe41ae5a-5fe2-420a-8560-f7d6d3533dc2"},"collection":{"id":"00000000-0000-0000-0000-000000000000"},"sitemap_locations":[{"id":"a60fe91c-88ea-6990-fe3b-cf8f8504cd33"},{"id":"98c9e0f1-b6f7-510d-522a-0d39fc62aa1a"}],"last_modified":"2016-09-01T08:37:14.764Z"},{"id":"fb6f849c-ab48-4396-80d4-3ebbaa97a57d","name":"Home page promotion","codename":"home_page_promotion","type":{"id":"f4deeb7e-fe9b-49a2-a5f6-a51a9be6ac73"},"collection":{"id":"00000000-0000-0000-0000-000000000000"},"sitemap_locations":[],"last_modified":"2017-03-22T12:40:16.844Z"},{"id":"1286a36a-072e-4764-b609-3867ce677a11","name":"Homepage","codename":"homepage","type":{"id":"49a735f4-b05e-45c8-9ae1-4983c227c30c"},"collection":{"id":"00000000-0000-0000-0000-000000000000"},"sitemap_locations":[],"last_modified":"2020-12-03T16:38:01.9521578Z"},{"id":"c8925400-3a40-4680-832a-1057994fccd9","name":"Articles","codename":"articles","type":{"id":"7920e3c3-b751-4659-9d0c-a73b97e2ad03"},"collection":{"id":"00000000-0000-0000-0000-000000000000"},"sitemap_locations":[],"last_modified":"2020-12-03T16:38:49.7032751Z"},{"id":"f4b3fc05-e988-4dae-9ac1-a94aba566474","name":"On Roasts","codename":"on_roasts","type":{"id":"b7aa4a53-d9b1-48cf-b7a6-ed0b182c4b89"},"collection":{"id":"00000000-0000-0000-0000-000000000000"},"sitemap_locations":[{"id":"45a123f3-1c55-c697-7dae-78369c8f1e2c"}],"last_modified":"2017-04-04T13:45:30.769Z"},{"id":"3e848f26-86d0-4284-8036-0ff34d7bf259","name":"About Us","codename":"about_us_3e848f2","type":{"id":"7920e3c3-b751-4659-9d0c-a73b97e2ad03"},"collection":{"id":"00000000-0000-0000-0000-000000000000"},"sitemap_locations":[],"last_modified":"2020-12-03T19:52:03.3203723Z"},{"id":"d76a7f86-df53-4714-84f1-ebea26870ffc","name":"Cafes","codename":"cafes","type":{"id":"7920e3c3-b751-4659-9d0c-a73b97e2ad03"},"collection":{"id":"00000000-0000-0000-0000-000000000000"},"sitemap_locations":[],"last_modified":"2020-12-03T19:52:19.011901Z"},{"id":"b20e51f2-8e48-4046-87f9-21d9da3002c2","name":"Contact","codename":"contact","type":{"id":"7920e3c3-b751-4659-9d0c-a73b97e2ad03"},"collection":{"id":"00000000-0000-0000-0000-000000000000"},"sitemap_locations":[],"last_modified":"2020-12-03T19:52:37.1352101Z"},{"id":"b6cf05dc-0fe4-414e-82cb-a3b78bacb986","name":"Products","codename":"products","type":{"id":"7920e3c3-b751-4659-9d0c-a73b97e2ad03"},"collection":{"id":"00000000-0000-0000-0000-000000000000"},"sitemap_locations":[],"last_modified":"2020-12-23T16:11:38.6989611Z"},{"id":"3a5a29ed-1d4a-49a8-8099-186da0f7e8a1","name":"Coffees","codename":"coffees","type":{"id":"7920e3c3-b751-4659-9d0c-a73b97e2ad03"},"collection":{"id":"00000000-0000-0000-0000-000000000000"},"sitemap_locations":[],"last_modified":"2020-12-09T17:58:01.6559355Z"},{"id":"c8fef740-c252-4dc5-9bde-8cc130aef380","name":"Brewers","codename":"brewers","type":{"id":"7920e3c3-b751-4659-9d0c-a73b97e2ad03"},"collection":{"id":"00000000-0000-0000-0000-000000000000"},"sitemap_locations":[],"last_modified":"2020-12-09T17:58:30.1991819Z"},{"id":"910e2688-0477-4453-8340-84c173de0022","name":"Articles Listing Page","codename":"articles_listing_page","type":{"id":"67f2a939-0def-4d1b-8462-a2b8c2217737"},"collection":{"id":"00000000-0000-0000-0000-000000000000"},"sitemap_locations":[],"last_modified":"2021-02-10T16:39:48.895402Z"},{"id":"f5b1bace-b823-43d2-8f20-8021d893adc4","name":"Coffees Listing Page","codename":"coffees_listing_page","type":{"id":"67f2a939-0def-4d1b-8462-a2b8c2217737"},"collection":{"id":"00000000-0000-0000-0000-000000000000"},"sitemap_locations":[],"last_modified":"2021-02-10T16:18:12.782211Z"},{"id":"50b186bb-601f-41d8-9c84-a9a6e905b877","name":"Brewers Listing Page","codename":"brewers_listing_page","type":{"id":"67f2a939-0def-4d1b-8462-a2b8c2217737"},"collection":{"id":"00000000-0000-0000-0000-000000000000"},"sitemap_locations":[],"last_modified":"2021-02-10T14:58:22.4379193Z"}]