[{"id":"069aa172-cee9-51b4-910b-9978c2d991b1","codename":"home","last_modified":"2021-02-23T19:58:07.9780981Z","external_id":"a29399c3-5281-47ab-9916-acd4a6f887b7","name":"Home","content_groups":[{"id":"bddd8f4c-04f5-5052-a083-4b1b8de3d31e","name":"Content","codename":"content","external_id":"00000000-0000-0000-0000-000000000004"},{"id":"4aa760f0-44ff-58ac-b2ce-c9789e32cc05","name":"Metadata","codename":"metadata_e942f46","external_id":"e942f466-8b3e-4c50-972d-372b0ca12c69"}],"elements":[{"guidelines":"<h2>Keep Guidelines where the creative process happens.</h2>\n<p>These are sample guidelines that you can place for the whole content item. It’s a place where you can include your content brief, voice and tone recommendations, or the URL to a wireframe, so the author will have all the relevant instructions at hand before writing a single line.</p>\n<p>Besides overview guidelines, you can include instructions for each particular content element, as you will see below.</p>\n<h2>Home page is modular</h2>\n<p>The home page is built of multiple content items based on smaller content types to embrace a modular approach. This lets you compose pages of independent modules.</p>\n<p>For example, a <em>Hero unit</em>, &nbsp;<em>Articles</em>, or <em>Fact about us</em> are smaller content chunks that you can create independently and then assign to a homepage to have it all together.</p>","type":"guidelines","external_id":"9367da14-3d08-4ed1-4841-24bf8055f916","id":"4cb65a0b-3747-51db-a6f3-c0bb90b70b1a","codename":"n9367da14_3d08_4ed1_4841_24bf8055f916","content_group":{"id":"bddd8f4c-04f5-5052-a083-4b1b8de3d31e"}},{"item_count_limit":null,"allowed_content_types":[],"name":"Hero unit","guidelines":"Assign 1 Hero unit that has been prepared for a home page. ","is_required":false,"type":"modular_content","external_id":"2b15a8f3-2e5f-7d01-4d8e-5b22e222aa76","id":"5a1f5c5e-b2ff-5cf2-927e-80aa2d6d2e40","codename":"hero_unit","content_group":{"id":"bddd8f4c-04f5-5052-a083-4b1b8de3d31e"}},{"item_count_limit":null,"allowed_content_types":[],"name":"Articles","guidelines":"Assign all articles which should be displayed on the home page.","is_required":false,"type":"modular_content","external_id":"222f3a69-a54f-3e92-83ac-05f8a08e667f","id":"d1d8d364-7bf0-5c0f-b763-f261fb5d175d","codename":"articles","content_group":{"id":"bddd8f4c-04f5-5052-a083-4b1b8de3d31e"}},{"item_count_limit":null,"allowed_content_types":[],"name":"Our story","guidelines":"Assign 1 Fact about us which will be displayed on the home page.","is_required":false,"type":"modular_content","external_id":"617bccc0-4844-4beb-4ede-6247e954633a","id":"9e239a77-a610-5c29-898e-379932980b0a","codename":"our_story","content_group":{"id":"bddd8f4c-04f5-5052-a083-4b1b8de3d31e"}},{"item_count_limit":null,"allowed_content_types":[],"name":"Cafes","guidelines":"Assign 4 Cafes which will be displayed on the home page.","is_required":false,"type":"modular_content","external_id":"6356c948-0fd6-00d0-8fc1-e2484180ae7c","id":"aa4aed47-18c7-59a2-a28f-ad2204509f70","codename":"cafes","content_group":{"id":"bddd8f4c-04f5-5052-a083-4b1b8de3d31e"}},{"maximum_text_length":null,"maximum_image_size":null,"allowed_content_types":[],"image_width_limit":null,"image_height_limit":null,"allowed_image_types":"any","allowed_blocks":[],"allowed_formatting":[],"allowed_text_blocks":[],"allowed_table_blocks":["text"],"allowed_table_formatting":[],"allowed_table_text_blocks":["paragraph"],"name":"Contact","guidelines":"Add Contact us information to be displayed on the home page.","is_required":false,"type":"rich_text","external_id":"ee854076-236b-5312-0ed5-8c3cd55ca9e0","id":"9aea8064-c23c-5c0c-9119-3bc2b1470a90","codename":"contact","content_group":{"id":"bddd8f4c-04f5-5052-a083-4b1b8de3d31e"}},{"depends_on":{"snippet":{"id":"5482e7b6-9c79-5e81-8c4b-90e172e7ab48"},"element":{"id":"f85f9ef6-ced1-5f04-9d92-163349d50e36"}},"name":"URL pattern","guidelines":"Provide a SEO-friendly URL.","is_required":false,"type":"url_slug","external_id":"dd70db4b-ee97-5ab4-b752-4f9d70389426","id":"61ab1348-3d94-5c0b-84b8-444529bbf8dc","codename":"url_pattern","content_group":{"id":"bddd8f4c-04f5-5052-a083-4b1b8de3d31e"}},{"guidelines":null,"taxonomy_group":{"id":"61e63f2f-d4ed-5484-9e0a-d9009e59f2c5"},"is_required":false,"type":"taxonomy","external_id":"ea3bf3c2-7eb7-4c91-aff3-09f89c743710","id":"382b4a45-0e53-59fb-a442-cb9d2d326668","codename":"sitemap","content_group":{"id":"bddd8f4c-04f5-5052-a083-4b1b8de3d31e"}},{"snippet":{"id":"5482e7b6-9c79-5e81-8c4b-90e172e7ab48"},"type":"snippet","external_id":"255d6748-ba3a-1b59-af5c-afd4a7d6cb4f","id":"ff8f4177-08d7-5494-9edb-60142a01891c","codename":"metadata","content_group":{"id":"4aa760f0-44ff-58ac-b2ce-c9789e32cc05"}}]},{"id":"c765d86b-a7a8-564f-ac8b-3006322794b3","codename":"fact_about_us","last_modified":"2021-02-23T19:58:07.3999678Z","external_id":"b99ec220-0f2b-4658-a080-ff0afe92f6d1","name":"Fact about us","content_groups":[],"elements":[{"guidelines":"<h2>Keep Guidelines where the creative process happens.</h2>\n<p>These are sample guidelines that you can place for the whole content item. It’s a place where you can include your content brief, voice and tone recommendations or the URL to a wireframe, so the author will have all the relevant instructions at hand before writing a single line.</p>\n<p>Besides overview guidelines, you can include instructions for each particular content element, as you will see below.</p>","type":"guidelines","external_id":"b1c3aca8-8503-40a8-f299-57bb4c69a43c","id":"07bb57dc-f82f-5c68-b01d-e017cd821a20","codename":"b1c3aca8_8503_40a8_f299_57bb4c69a43c"},{"maximum_text_length":null,"name":"Title","guidelines":"Provide a title that fits within 60 characters.","is_required":false,"type":"text","external_id":"2375ca8a-43d2-7282-162c-922a6fdeba3e","id":"940a742e-353a-5345-90a7-80ebbebe6f75","codename":"title"},{"maximum_text_length":null,"maximum_image_size":null,"allowed_content_types":[],"image_width_limit":null,"image_height_limit":null,"allowed_image_types":"any","allowed_blocks":[],"allowed_formatting":[],"allowed_text_blocks":[],"allowed_table_blocks":["text"],"allowed_table_formatting":[],"allowed_table_text_blocks":["paragraph"],"name":"Description","guidelines":"Include a main goal of our business. The limit is 80 characters.","is_required":false,"type":"rich_text","external_id":"1b658e81-88c9-73d1-374d-7a60e3756ef7","id":"2fed3a5a-3c0f-5ea2-8d81-2a926317c377","codename":"description"},{"asset_count_limit":null,"maximum_file_size":null,"allowed_file_types":"adjustable","image_width_limit":null,"image_height_limit":null,"name":"Image","guidelines":"Attach a teaser image; max. dimensions are 1280 × 600 px; allowed formats are *.jpg, *.png, *.gif.","is_required":false,"type":"asset","external_id":"68d194b6-efad-6b25-89a4-2dfc75fed5a5","id":"7230ce5e-9e50-517a-b25c-170e282ae956","codename":"image"},{"guidelines":null,"taxonomy_group":{"id":"61e63f2f-d4ed-5484-9e0a-d9009e59f2c5"},"is_required":false,"type":"taxonomy","external_id":"23a715f9-755c-4b9d-b6b3-e02fc1b09b83","id":"bd739a1c-71dd-509f-932d-4da4ee8458e5","codename":"sitemap"}]},{"id":"a9591fcd-a8c4-561d-ae2a-626ebcb766ad","codename":"accessory","last_modified":"2021-02-23T19:58:07.5406041Z","external_id":"d9748663-f567-4c51-a922-c24a1d6b935a","name":"Accessory","content_groups":[{"id":"40581704-38cf-5b6a-ab25-6046fcbebf98","name":"Content","codename":"content","external_id":"00000000-0000-0000-0000-000000000002"},{"id":"1d4d003d-2150-5060-b5ca-d49440fe52fb","name":"Metadata","codename":"metadata_60758a2","external_id":"60758a27-a918-4682-a3fe-008841cb3f34"}],"elements":[{"guidelines":"<h2>Keep Guidelines where the creative process happens.</h2>\n<p>These are sample guidelines that you can place for the whole content item. It’s a place where you can include your content brief, voice and tone recommendations or the URL to a wireframe, so the author will have all the relevant instructions at hand before writing a single line.</p>\n<p>Besides overview guidelines, you can include instructions for each particular content element, as you will see below.</p>","type":"guidelines","external_id":"327e98b0-f269-c0e5-230a-46b7d0be0f45","id":"6d73a092-aace-57d3-a8ea-676421fea646","codename":"n327e98b0_f269_c0e5_230a_46b7d0be0f45","content_group":{"id":"40581704-38cf-5b6a-ab25-6046fcbebf98"}},{"maximum_text_length":null,"name":"Product name","guidelines":"Include a product display name.","is_required":false,"type":"text","external_id":"f9e2672c-5035-412e-3985-d6112b3781bd","id":"ebc9437c-cd20-5a0c-9f82-a819617b3809","codename":"product_name","content_group":{"id":"40581704-38cf-5b6a-ab25-6046fcbebf98"}},{"name":"Price","guidelines":"Include a product price.","is_required":false,"type":"number","external_id":"51d63ac3-d40d-15ea-c219-be207714077c","id":"8132b5ea-b770-5024-bce8-11ce35960054","codename":"price","content_group":{"id":"40581704-38cf-5b6a-ab25-6046fcbebf98"}},{"asset_count_limit":null,"maximum_file_size":null,"allowed_file_types":"adjustable","image_width_limit":null,"image_height_limit":null,"name":"Image","guidelines":"Upload one product image; the recommended size is 300 × 300 px.","is_required":false,"type":"asset","external_id":"f0db12e6-86e4-8597-903b-c5984076d6b3","id":"1163fd00-bf10-5aa7-b635-d6e12047f9dc","codename":"image","content_group":{"id":"40581704-38cf-5b6a-ab25-6046fcbebf98"}},{"maximum_text_length":null,"name":"Manufacturer","guidelines":"Include a manufacturer's name.","is_required":false,"type":"text","external_id":"ab75ff46-b629-5ce5-aac9-79ed8a7b869c","id":"fec42a2e-82e6-54ce-a097-9ef03597f582","codename":"manufacturer","content_group":{"id":"40581704-38cf-5b6a-ab25-6046fcbebf98"}},{"guidelines":"Add a product status if the product is included in a special offering.","taxonomy_group":{"id":"ce444e2a-4194-5878-81b9-4447b0b2357b"},"is_required":false,"type":"taxonomy","external_id":"ef13b1f4-b558-f707-35a4-86146dbe4518","id":"8a7948e1-4998-561e-a540-0f7533c73cce","codename":"product_status","content_group":{"id":"40581704-38cf-5b6a-ab25-6046fcbebf98"}},{"maximum_text_length":null,"maximum_image_size":null,"allowed_content_types":[],"image_width_limit":null,"image_height_limit":null,"allowed_image_types":"any","allowed_blocks":[],"allowed_formatting":[],"allowed_text_blocks":[],"allowed_table_blocks":["text"],"allowed_table_formatting":[],"allowed_table_text_blocks":["paragraph"],"name":"Short description","guidelines":"Include a short description that fits within 160 characters.","is_required":false,"type":"rich_text","external_id":"9740e2d0-87e8-52f5-ff4c-566fa00b1253","id":"2a211ea9-f9ac-5130-aab1-d231af4f1c13","codename":"short_description","content_group":{"id":"40581704-38cf-5b6a-ab25-6046fcbebf98"}},{"maximum_text_length":null,"maximum_image_size":null,"allowed_content_types":[],"image_width_limit":null,"image_height_limit":null,"allowed_image_types":"any","allowed_blocks":[],"allowed_formatting":[],"allowed_text_blocks":[],"allowed_table_blocks":["text"],"allowed_table_formatting":[],"allowed_table_text_blocks":["paragraph"],"name":"Long description","guidelines":"Include a full product description.","is_required":false,"type":"rich_text","external_id":"1f961774-a589-4e21-9f8e-a8c4908ea476","id":"8c7bfa94-82bd-595e-bc48-40a1d82a9974","codename":"long_description","content_group":{"id":"40581704-38cf-5b6a-ab25-6046fcbebf98"}},{"depends_on":{"snippet":{"id":"5482e7b6-9c79-5e81-8c4b-90e172e7ab48"},"element":{"id":"f85f9ef6-ced1-5f04-9d92-163349d50e36"}},"name":"URL pattern","guidelines":"Provide a SEO-friendly URL.","is_required":false,"type":"url_slug","external_id":"69e4af48-f1ac-1146-e6c9-d20d55ca5792","id":"c604e5c9-4d23-58dc-b254-fd96c1f6ae0f","codename":"url_pattern","content_group":{"id":"40581704-38cf-5b6a-ab25-6046fcbebf98"}},{"guidelines":null,"taxonomy_group":{"id":"61e63f2f-d4ed-5484-9e0a-d9009e59f2c5"},"is_required":false,"type":"taxonomy","external_id":"d8ed1597-930c-4cf8-a34e-c5d5e82718ed","id":"1e94264e-6a9b-528d-a2fd-ab56a520f58d","codename":"sitemap","content_group":{"id":"40581704-38cf-5b6a-ab25-6046fcbebf98"}},{"snippet":{"id":"5482e7b6-9c79-5e81-8c4b-90e172e7ab48"},"type":"snippet","external_id":"8abb0298-218b-de99-ccfe-d49630fad6fd","id":"b3400b75-8f6c-5a4c-b566-8f653c711b61","codename":"metadata","content_group":{"id":"1d4d003d-2150-5060-b5ca-d49440fe52fb"}}]},{"id":"02c151a5-028e-5eb9-b6e1-cf3908f54694","codename":"office","last_modified":"2021-02-23T19:58:07.1030818Z","external_id":"e097306b-3893-4a42-9973-2525fad14d66","name":"Office","content_groups":[],"elements":[{"guidelines":"<h2>Keep Guidelines where the creative process happens.</h2>\n<p>These are sample guidelines that you can place for the whole content item. It’s a place where you can include your content brief, voice and tone recommendations or the URL to a wireframe, so the author will have all the relevant instructions at hand before writing a single line.</p>\n<p>Besides overview guidelines, you can include instructions for each particular content element, as you will see below.</p>","type":"guidelines","external_id":"dc7e08ba-3279-9cc8-629b-8e258624c4d1","id":"add319f7-ae94-547d-91ec-23fbe42ef044","codename":"dc7e08ba_3279_9cc8_629b_8e258624c4d1"},{"maximum_text_length":null,"name":"Name","guidelines":null,"is_required":false,"type":"text","external_id":"bb81a11d-886c-2a32-e480-29f01cea667f","id":"1e409b88-b6d0-5aed-8329-b879289b2975","codename":"name"},{"maximum_text_length":null,"name":"Street","guidelines":null,"is_required":false,"type":"text","external_id":"f7eb7ab2-4e41-aca0-7e93-dbbbdca330eb","id":"0e704f9d-0712-5c17-815f-c80bf42fbe39","codename":"street"},{"maximum_text_length":null,"name":"City","guidelines":null,"is_required":false,"type":"text","external_id":"95477abc-d6b4-a6b3-5b72-c92763da55bf","id":"b0a0642c-473d-5135-b646-f6f46fbeccc9","codename":"city"},{"maximum_text_length":null,"name":"Country","guidelines":null,"is_required":false,"type":"text","external_id":"4fbc7779-652d-7716-2673-7419aaaceed1","id":"abd69a6e-eae1-5b2f-a4db-93fc42f2e51a","codename":"country"},{"maximum_text_length":null,"name":"State","guidelines":null,"is_required":false,"type":"text","external_id":"08df2f10-52b8-d451-fab1-b6da8ddb3fd2","id":"6745d2f0-1c6e-5aa7-a89e-80b6ade49dac","codename":"state"},{"maximum_text_length":null,"name":"Zip code","guidelines":null,"is_required":false,"type":"text","external_id":"e7141da8-8792-a66d-d1c8-1fe704758393","id":"0239121c-5e71-57f0-bcc4-bb5e8dc81dfb","codename":"zip_code"},{"maximum_text_length":null,"name":"Phone","guidelines":null,"is_required":false,"type":"text","external_id":"2ac708e2-cd0e-67b0-67f8-71725625dc6d","id":"8c2bb075-dbf0-5082-936d-f2c52848add5","codename":"phone"},{"maximum_text_length":null,"name":"Email","guidelines":null,"is_required":false,"type":"text","external_id":"251dc38f-43a3-d924-a328-8708ecb00ef1","id":"c6e4bf03-15e5-5d69-ac12-092594e6f047","codename":"email"},{"guidelines":null,"taxonomy_group":{"id":"61e63f2f-d4ed-5484-9e0a-d9009e59f2c5"},"is_required":false,"type":"taxonomy","external_id":"93e978da-a9dd-43eb-a16a-ace55c1a5245","id":"f8e41f49-c9fc-5613-a121-10fbee1091b4","codename":"sitemap"}]},{"id":"31c039c6-eae2-5653-97c6-1f4c22bc9f6a","codename":"coffee","last_modified":"2021-02-23T19:58:07.6968196Z","external_id":"929985ac-4aa5-436b-85a2-94c2d4fbbebd","name":"Coffee","content_groups":[{"id":"ad0f4def-0acd-59e1-afc0-980dcbdde472","name":"Content","codename":"content","external_id":"00000000-0000-0000-0000-000000000003"},{"id":"33728636-f57b-5ea8-86c1-4bab746de971","name":"Metadata","codename":"metadata_0512fe2","external_id":"0512fe21-f02a-4b95-8e07-f426303d4cb7"}],"elements":[{"guidelines":"<h2>Keep Guidelines where the creative process happens.</h2>\n<p>These are sample guidelines that you can place for the whole content item. It’s a place where you can include your content brief, voice and tone recommendations or the URL to a wireframe, so the author will have all the relevant instructions at hand before writing a single line.</p>\n<p>Besides overview guidelines, you can include instructions for each particular content element, as you will see below.</p>","type":"guidelines","external_id":"8ad0be53-f2c7-db7d-edd8-9927860d4134","id":"ea59d9e4-a05b-513f-9910-e5d1efbfb304","codename":"n8ad0be53_f2c7_db7d_edd8_9927860d4134","content_group":{"id":"ad0f4def-0acd-59e1-afc0-980dcbdde472"}},{"maximum_text_length":null,"name":"Product name","guidelines":"Include a product display name.","is_required":false,"type":"text","external_id":"edaec5c4-e653-9109-eb0d-fc40ccf3c810","id":"ed31d584-e2a5-5125-bcd8-343e55937743","codename":"product_name","content_group":{"id":"ad0f4def-0acd-59e1-afc0-980dcbdde472"}},{"name":"Price","guidelines":"Include a product price.","is_required":false,"type":"number","external_id":"624592dc-49b2-330a-7185-e1f2396ce90c","id":"434b3e21-7902-52cb-8da8-cadb218efa1e","codename":"price","content_group":{"id":"ad0f4def-0acd-59e1-afc0-980dcbdde472"}},{"asset_count_limit":null,"maximum_file_size":null,"allowed_file_types":"adjustable","image_width_limit":null,"image_height_limit":null,"name":"Image","guidelines":"Upload a product image; the recommended size is 300 × 300 px.","is_required":false,"type":"asset","external_id":"30ac3ccc-1e7f-1490-e1f6-915c64176a55","id":"adedd7e6-1cba-57eb-8242-880fc3cab1f4","codename":"image","content_group":{"id":"ad0f4def-0acd-59e1-afc0-980dcbdde472"}},{"maximum_text_length":null,"maximum_image_size":null,"allowed_content_types":[],"image_width_limit":null,"image_height_limit":null,"allowed_image_types":"any","allowed_blocks":[],"allowed_formatting":[],"allowed_text_blocks":[],"allowed_table_blocks":["text"],"allowed_table_formatting":[],"allowed_table_text_blocks":["paragraph"],"name":"Short description","guidelines":"Include a short description that fits within 160 characters.","is_required":false,"type":"rich_text","external_id":"b5a3263a-a1d7-92b7-865a-329f833285fa","id":"25bcabd3-65e3-5f10-86fe-6b3d2c4ebfc1","codename":"short_description","content_group":{"id":"ad0f4def-0acd-59e1-afc0-980dcbdde472"}},{"maximum_text_length":null,"maximum_image_size":null,"allowed_content_types":[],"image_width_limit":null,"image_height_limit":null,"allowed_image_types":"any","allowed_blocks":[],"allowed_formatting":[],"allowed_text_blocks":[],"allowed_table_blocks":["text"],"allowed_table_formatting":[],"allowed_table_text_blocks":["paragraph"],"name":"Long description","guidelines":"Include a full product description.","is_required":false,"type":"rich_text","external_id":"d468a0aa-e0fa-0cae-41db-6e006bff2527","id":"468ead74-1d8e-5aec-8fd4-bdb3a9cfe2c9","codename":"long_description","content_group":{"id":"ad0f4def-0acd-59e1-afc0-980dcbdde472"}},{"guidelines":"Add a product status if the product is included in a special offering.","taxonomy_group":{"id":"ce444e2a-4194-5878-81b9-4447b0b2357b"},"is_required":false,"type":"taxonomy","external_id":"1ee64175-fde7-fc1e-5259-511a31c326c3","id":"732d87b3-d493-5c69-b349-b6320adf461e","codename":"product_status","content_group":{"id":"ad0f4def-0acd-59e1-afc0-980dcbdde472"}},{"maximum_text_length":null,"name":"Farm","guidelines":"Include the name of the coffee farm.","is_required":false,"type":"text","external_id":"e5cf103f-9b84-1ab0-29f1-fb5a1657c6f7","id":"f57743c3-31b9-5337-9d25-9b23f5a744c0","codename":"farm","content_group":{"id":"ad0f4def-0acd-59e1-afc0-980dcbdde472"}},{"maximum_text_length":null,"name":"Country","guidelines":"Include  the coffee's country of origin. ","is_required":false,"type":"text","external_id":"6eec1918-378d-3b15-8b1a-19c5f0748321","id":"5c10c615-2d95-51e2-a601-bb513240885c","codename":"country","content_group":{"id":"ad0f4def-0acd-59e1-afc0-980dcbdde472"}},{"maximum_text_length":null,"name":"Variety","guidelines":"Include a coffee variety name.","is_required":false,"type":"text","external_id":"301c6712-962f-b05a-6f6e-2f0e1e959039","id":"6dfe9048-1cec-5d31-95c2-2609c97f5103","codename":"variety","content_group":{"id":"ad0f4def-0acd-59e1-afc0-980dcbdde472"}},{"maximum_text_length":null,"name":"Altitude","guidelines":"Include the altitude at which the coffee is grown. Elevation affects the size, shape, and taste of coffee beans. ","is_required":false,"type":"text","external_id":"23a772c0-0b2b-588d-9849-e29068701f03","id":"a00227d9-72dd-57f8-b106-4a8986b24298","codename":"altitude","content_group":{"id":"ad0f4def-0acd-59e1-afc0-980dcbdde472"}},{"depends_on":{"snippet":{"id":"5482e7b6-9c79-5e81-8c4b-90e172e7ab48"},"element":{"id":"f85f9ef6-ced1-5f04-9d92-163349d50e36"}},"name":"URL pattern","guidelines":"Provide a SEO-friendly URL.","is_required":false,"type":"url_slug","external_id":"3af8ce38-c03d-063c-ea80-72684dfddf31","id":"29738662-7433-50b2-a089-a53ff40aad32","codename":"url_pattern","content_group":{"id":"ad0f4def-0acd-59e1-afc0-980dcbdde472"}},{"guidelines":null,"taxonomy_group":{"id":"d30f7c3e-e4f6-55be-869c-39c3bb6d5330"},"is_required":false,"type":"taxonomy","external_id":"b63e3516-d5fa-fdac-a03a-2b027bf02a28","id":"c19a25c1-ef86-5af2-947f-e827becea959","codename":"processing","content_group":{"id":"ad0f4def-0acd-59e1-afc0-980dcbdde472"}},{"guidelines":null,"taxonomy_group":{"id":"61e63f2f-d4ed-5484-9e0a-d9009e59f2c5"},"is_required":false,"type":"taxonomy","external_id":"99d7a378-e18f-41dd-b5bb-2a569c3d1de7","id":"d18f9f9b-87e0-57ef-80de-d63db3299793","codename":"sitemap","content_group":{"id":"ad0f4def-0acd-59e1-afc0-980dcbdde472"}},{"snippet":{"id":"5482e7b6-9c79-5e81-8c4b-90e172e7ab48"},"type":"snippet","external_id":"4c6eb306-a9a0-0825-e345-a70b6cc0e696","id":"4b142937-5d0a-5547-8d66-73f13880b183","codename":"metadata","content_group":{"id":"33728636-f57b-5ea8-86c1-4bab746de971"}}]},{"id":"014f98c0-40e2-5052-8fe1-00740752ce24","codename":"about_us","last_modified":"2021-02-23T19:58:08.9809882Z","external_id":"b2c14f2c-6467-460b-a70b-bca17972a33a","name":"About us","content_groups":[{"id":"5b3699f7-45fb-5a49-a1a2-a3bf8707208e","name":"Content","codename":"content","external_id":"00000000-0000-0000-0000-000000000007"},{"id":"41027a21-474c-5b9f-98a0-09c7169cfdd3","name":"Metadata","codename":"metadata_5cef0f5","external_id":"5cef0f58-5757-4728-a898-5e2b167ec635"}],"elements":[{"guidelines":"<h2>Keep Guidelines where the creative process happens.</h2>\n<p>These are sample guidelines that you can place for the whole content item. It’s a place where you can include your content brief, voice and tone recommendations or the URL to a wireframe, so the author will have all the relevant instructions at hand before writing a single line.</p>\n<p>Besides overview guidelines, you can include instructions for each particular content element, as you will see below.</p>","type":"guidelines","external_id":"1a0d5bc9-a269-e705-494d-f9657cf113a5","id":"14f8fb57-6d36-530d-a417-cb523858e438","codename":"n1a0d5bc9_a269_e705_494d_f9657cf113a5","content_group":{"id":"5b3699f7-45fb-5a49-a1a2-a3bf8707208e"}},{"item_count_limit":null,"allowed_content_types":[],"name":"Facts","guidelines":"Assign all facts about our company which will be displayed on the about us page.","is_required":false,"type":"modular_content","external_id":"cff560dc-ed24-7036-cbb6-b7a1b61b196a","id":"2cce36cd-3aac-5fee-9b6a-c071257aab24","codename":"facts","content_group":{"id":"5b3699f7-45fb-5a49-a1a2-a3bf8707208e"}},{"depends_on":{"snippet":{"id":"5482e7b6-9c79-5e81-8c4b-90e172e7ab48"},"element":{"id":"f85f9ef6-ced1-5f04-9d92-163349d50e36"}},"name":"URL pattern","guidelines":"Provide a SEO-friendly URL.","is_required":false,"type":"url_slug","external_id":"50cb9acf-45f5-a186-5c00-9a9e4a37d84a","id":"0db832ad-1ad4-5a0a-882b-9b2dd9194d4e","codename":"url_pattern","content_group":{"id":"5b3699f7-45fb-5a49-a1a2-a3bf8707208e"}},{"guidelines":null,"taxonomy_group":{"id":"61e63f2f-d4ed-5484-9e0a-d9009e59f2c5"},"is_required":false,"type":"taxonomy","external_id":"65911e49-7bb0-41ca-9d17-ab218135126d","id":"fecfff70-9300-5eef-afbf-aab2fc5983a9","codename":"sitemap","content_group":{"id":"5b3699f7-45fb-5a49-a1a2-a3bf8707208e"}},{"snippet":{"id":"5482e7b6-9c79-5e81-8c4b-90e172e7ab48"},"type":"snippet","external_id":"a8131aca-9210-a0e4-6239-3af2231f7ca9","id":"64d55a22-9997-5c6f-a5ba-24eb261e8979","codename":"metadata","content_group":{"id":"41027a21-474c-5b9f-98a0-09c7169cfdd3"}}]},{"id":"1c509ce7-49c7-57e1-8504-3eb9b2eda1b1","codename":"listing_page_content","last_modified":"2021-02-23T19:58:09.137222Z","external_id":"67f2a939-0def-4d1b-8462-a2b8c2217737","name":"Listing Page Content","content_groups":[],"elements":[{"maximum_text_length":null,"name":"Title","guidelines":null,"is_required":false,"type":"text","external_id":"89ce85aa-f58c-44dc-aa63-1d4f901b200c","id":"9e54060a-84c2-58a4-ba2c-4b35dac1206e","codename":"title"},{"maximum_text_length":null,"maximum_image_size":null,"allowed_content_types":[],"image_width_limit":null,"image_height_limit":null,"allowed_image_types":"any","allowed_blocks":[],"allowed_formatting":[],"allowed_text_blocks":[],"allowed_table_blocks":[],"allowed_table_formatting":[],"allowed_table_text_blocks":[],"name":"Body","guidelines":null,"is_required":false,"type":"rich_text","external_id":"ecae8532-ca1a-49fa-9b80-daebd8cf491f","id":"233fba93-f098-58f3-9fae-1bb524462dc4","codename":"body"}]},{"id":"9a622a46-e299-5d1c-b9e0-45ddf3f95803","codename":"cafe","last_modified":"2021-02-23T19:58:07.8374459Z","external_id":"fe41ae5a-5fe2-420a-8560-f7d6d3533dc2","name":"Cafe","content_groups":[],"elements":[{"guidelines":"<h2>Keep Guidelines where the creative process happens.</h2>\n<p>These are sample guidelines that you can place for the whole content item. It’s a place where you can include your content brief, voice and tone recommendations or the URL to a wireframe, so the author will have all the relevant instructions at hand before writing a single line.</p>\n<p>Besides overview guidelines, you can include instructions for each particular content element, as you will see below.</p>","type":"guidelines","external_id":"2f836bce-e062-b2cd-5265-f5c3be3aa6f5","id":"7460f472-b814-5a53-9dea-2d1db5ccea98","codename":"n2f836bce_e062_b2cd_5265_f5c3be3aa6f5"},{"maximum_text_length":null,"name":"Street","guidelines":null,"is_required":false,"type":"text","external_id":"866afdba-d334-f01a-1d52-a9ca3f57cb4b","id":"3f7a5449-2f87-5e61-acf9-dc66d45a6516","codename":"street"},{"maximum_text_length":null,"name":"City","guidelines":null,"is_required":false,"type":"text","external_id":"339e6d4f-67c1-5f5e-6921-3b374eb96f5b","id":"ef5c78f0-88a4-5d05-8d96-4b3b8c2320d0","codename":"city"},{"maximum_text_length":null,"name":"Country","guidelines":null,"is_required":false,"type":"text","external_id":"7531a08f-e148-8cc0-9d2d-155215502e08","id":"43e56f1c-92e9-5f30-8e8b-7d5923384012","codename":"country"},{"maximum_text_length":null,"name":"State","guidelines":null,"is_required":false,"type":"text","external_id":"a015b689-cad3-1ac9-04b4-73697525752d","id":"3d98de2c-bf1b-5deb-8f18-9bf706ec770c","codename":"state"},{"maximum_text_length":null,"name":"ZIP Code","guidelines":null,"is_required":false,"type":"text","external_id":"bb158ac2-41e1-5a7d-0826-bb8bf6744f0e","id":"51bc8177-03fb-56a8-a4bd-f93d9a300629","codename":"zip_code"},{"maximum_text_length":null,"name":"Phone","guidelines":null,"is_required":false,"type":"text","external_id":"1c71bc62-4b62-f307-37ef-0823776f8f73","id":"b027efb1-ea4e-58a4-add9-0416b53823da","codename":"phone"},{"maximum_text_length":null,"name":"Email","guidelines":null,"is_required":false,"type":"text","external_id":"6f726c77-36bd-8062-51df-056136e10d35","id":"827c3a39-ceff-5a2c-883e-00aa6b0e68c5","codename":"email"},{"asset_count_limit":null,"maximum_file_size":null,"allowed_file_types":"adjustable","image_width_limit":null,"image_height_limit":null,"name":"Photo","guidelines":null,"is_required":false,"type":"asset","external_id":"5769c0f4-66a8-4c73-3c19-c023bdfa123a","id":"390bbeeb-42b2-55dc-97e5-f7de3c9b9982","codename":"photo"},{"guidelines":null,"taxonomy_group":{"id":"61e63f2f-d4ed-5484-9e0a-d9009e59f2c5"},"is_required":false,"type":"taxonomy","external_id":"e82d0f49-5b15-45e1-9b1f-32ccc1be4941","id":"ec769f8c-dd2a-535b-b12c-d9fc6d87ff08","codename":"sitemap"}]},{"id":"17ff8a28-ebe6-5c9d-95ea-18fe1ff86d2d","codename":"tweet","last_modified":"2021-02-23T19:58:08.699767Z","external_id":"f808c142-4b62-43b0-8f4d-1cbf412580ab","name":"Tweet","content_groups":[],"elements":[{"maximum_text_length":null,"name":"Tweet link","guidelines":null,"is_required":true,"type":"text","external_id":"20bf9ba1-28fe-203c-5920-6f9610498fb9","id":"f09fb430-2a58-59cf-be03-621e1c367501","codename":"tweet_link"},{"mode":"single","options":[{"id":"061e69f7-0965-5e37-97bc-29963cfaebe8","codename":"dark","name":"Dark","external_id":"44c30a4b-9d08-aa93-e520-58eaa8c62acb"},{"id":"eae9ad37-fe02-53a0-aedd-32021e30a5bb","codename":"light","name":"Light","external_id":"fe596c82-45fb-7022-a4ae-3147bf14acba"}],"name":"Theme","guidelines":null,"is_required":false,"type":"multiple_choice","external_id":"779b27fd-5a4d-5e5f-66dc-b30931fcba92","id":"05017deb-18b2-5094-b367-e7f8796dd1b8","codename":"theme"},{"mode":"multiple","options":[{"id":"dd78b09e-4337-599c-9701-20a0a165c63b","codename":"hide_thread","name":"Hide thread","external_id":"6fe63b4b-6df6-407f-38dc-4144b9ca29dc"},{"id":"c577b257-8bcd-5fe5-922d-231ff8335d38","codename":"hide_media","name":"Hide media","external_id":"144052a3-0c08-b860-2350-ea50fc76ccbe"}],"name":"Display options","guidelines":null,"is_required":false,"type":"multiple_choice","external_id":"8c6db6cf-1003-951e-5407-b2a19c15b4cd","id":"19e38194-a3a8-5d17-abed-9b70d7a5fd25","codename":"display_options"}]},{"id":"ba5cd79d-6d4b-5bed-a681-6aa3a366c8f7","codename":"article","last_modified":"2021-02-23T19:58:08.4028527Z","external_id":"b7aa4a53-d9b1-48cf-b7a6-ed0b182c4b89","name":"Article","content_groups":[{"id":"2532abf7-c519-5356-b0d2-141b984174ef","name":"Content","codename":"content","external_id":"00000000-0000-0000-0000-000000000005"},{"id":"3a3bf1cd-7e63-5004-9c46-b0be5f3370b2","name":"Metadata","codename":"metadata_5d79ff6","external_id":"5d79ff6d-7d67-4512-bf8d-d7a599fb7505"}],"elements":[{"guidelines":"<h2>Keep Guidelines where the creative process happens.</h2>\n<p>These are sample guidelines that you can place for the whole content item. It’s a place where you can include your content brief, voice and tone recommendations or the URL to a wireframe, so the author will have all the relevant instructions at hand before writing a single line.</p>\n<p>Besides overview guidelines, you can include instructions for each particular content element, as you will see below.</p>\n<h2>Guidelines sample</h2>\n<p>All articles will be displayed in the same section of the web site. Stick to an informal tone of voice when writing articles.</p>\n<p>Use the following keywords: grinders, dripper, coffee.</p>","type":"guidelines","external_id":"2a3a744e-0529-dd13-793c-9e668133d48b","id":"f9f65756-5ed8-55ed-9d2a-43f9fe7974cd","codename":"n2a3a744e_0529_dd13_793c_9e668133d48b","content_group":{"id":"2532abf7-c519-5356-b0d2-141b984174ef"}},{"maximum_text_length":null,"name":"Title","guidelines":"The title should fit within 60 characters.\nOur voice and tone recommendations:\n — avoid coffee jargon.","is_required":false,"type":"text","external_id":"85d5efc6-f47e-2fde-a6f5-0950fe89ecd1","id":"ba7c8840-bcbc-5e3b-b292-24d0a60f3977","codename":"title","content_group":{"id":"2532abf7-c519-5356-b0d2-141b984174ef"}},{"asset_count_limit":null,"maximum_file_size":null,"allowed_file_types":"adjustable","image_width_limit":null,"image_height_limit":null,"name":"Teaser image","guidelines":"Upload an image at a resolution of at least 600 × 1200 px.","is_required":false,"type":"asset","external_id":"62eb9881-e222-6b81-91d2-fdf052726414","id":"9c6a4fbc-3f73-585f-9521-8d57636adf56","codename":"teaser_image","content_group":{"id":"2532abf7-c519-5356-b0d2-141b984174ef"}},{"name":"Post date","guidelines":"Provide a date that will appear on the live site as the date this article was posted live. This date will also influence the order of the articles. ","is_required":false,"type":"date_time","external_id":"4ae5f7a9-fe1f-1e8c-bfec-d321455139c4","id":"0827e079-3754-5a1d-9381-8ff695a5bbf7","codename":"post_date","content_group":{"id":"2532abf7-c519-5356-b0d2-141b984174ef"}},{"maximum_text_length":null,"name":"Summary","guidelines":"Provide a short summary of the text. It should be catchy and make the visitor want to read the whole article.\nThe summary should fit within 160 characters.","is_required":false,"type":"text","external_id":"90550cbe-7bff-40a9-2947-9c81489fe562","id":"15517aa3-da8a-5551-a4d4-555461fd5226","codename":"summary","content_group":{"id":"2532abf7-c519-5356-b0d2-141b984174ef"}},{"maximum_text_length":null,"maximum_image_size":null,"allowed_content_types":[],"image_width_limit":null,"image_height_limit":null,"allowed_image_types":"any","allowed_blocks":[],"allowed_formatting":[],"allowed_text_blocks":[],"allowed_table_blocks":["text"],"allowed_table_formatting":[],"allowed_table_text_blocks":["paragraph"],"name":"Body Copy","guidelines":"Keep the article structured with concise paragraphs complemented with headlines that will help the reader navigate through the article's content.\nPreferred glossary terms — coffee, brewing, grinder, drip, roast, filter.","is_required":false,"type":"rich_text","external_id":"108ed7c0-fc8c-c0ec-d0b5-5a8071408b54","id":"55a88ab3-4009-5bf9-a590-f32162f09b92","codename":"body_copy","content_group":{"id":"2532abf7-c519-5356-b0d2-141b984174ef"}},{"item_count_limit":null,"allowed_content_types":[],"name":"Related articles","guidelines":"Provide articles with related topics. ","is_required":false,"type":"modular_content","external_id":"ee7c3687-b469-6c56-3ac6-c8dfdc8b58b5","id":"77108990-3c30-5ffb-8dcd-8eb85fc52cb1","codename":"related_articles","content_group":{"id":"2532abf7-c519-5356-b0d2-141b984174ef"}},{"maximum_text_length":null,"name":"Meta keywords","guidelines":"Enter tags separated with a comma. Example: coffee, \"coffee roast”, grinder","is_required":false,"type":"text","external_id":"5efb2425-5987-a4a6-a2d3-b14712b56e73","id":"0ee20a72-0aaa-521f-8801-df3d9293b7dd","codename":"meta_keywords","content_group":{"id":"2532abf7-c519-5356-b0d2-141b984174ef"}},{"guidelines":"Provide all personas for which this article is relevant.","taxonomy_group":{"id":"7fad4cb0-c96c-5bce-a6c4-ec02a0280632"},"is_required":false,"type":"taxonomy","external_id":"0a16b642-ac3e-584d-a45a-ba354a30b2bd","id":"c1dc36b5-558d-55a2-8f31-787430a68e4d","codename":"personas","content_group":{"id":"2532abf7-c519-5356-b0d2-141b984174ef"}},{"maximum_text_length":null,"name":"Meta description","guidelines":"Sum up the blog for SEO purposes. Limit for the meta description is 160 characters.","is_required":false,"type":"text","external_id":"b9dc537c-2518-e4f5-8325-ce4fce26171e","id":"7df0048f-eaaf-50f8-85cf-fa0fc0d6d815","codename":"meta_description","content_group":{"id":"2532abf7-c519-5356-b0d2-141b984174ef"}},{"depends_on":{"snippet":{"id":"5482e7b6-9c79-5e81-8c4b-90e172e7ab48"},"element":{"id":"f85f9ef6-ced1-5f04-9d92-163349d50e36"}},"name":"URL pattern","guidelines":"Provide a SEO-friendly URL.","is_required":false,"type":"url_slug","external_id":"f2ff5e3f-a9ca-4604-58b0-34a2ad6a7cf1","id":"1f37e15b-27a0-5f48-b314-03b401c19cee","codename":"url_pattern","content_group":{"id":"2532abf7-c519-5356-b0d2-141b984174ef"}},{"guidelines":null,"taxonomy_group":{"id":"61e63f2f-d4ed-5484-9e0a-d9009e59f2c5"},"is_required":false,"type":"taxonomy","external_id":"a4d7a146-7e39-4001-b462-c5a0c734f3f5","id":"24abfde1-31ab-5a5a-ac07-1394c9107a3a","codename":"sitemap","content_group":{"id":"2532abf7-c519-5356-b0d2-141b984174ef"}},{"snippet":{"id":"5482e7b6-9c79-5e81-8c4b-90e172e7ab48"},"type":"snippet","external_id":"08c3994a-02f2-1278-7bed-e8fd9d26f3a4","id":"328810f4-7209-504e-b676-b4d48d11a6fb","codename":"metadata","content_group":{"id":"3a3bf1cd-7e63-5004-9c46-b0be5f3370b2"}}]},{"id":"a7eae46f-38e7-5069-b19e-381923d7a9c5","codename":"homepage","last_modified":"2021-02-23T19:58:09.2778715Z","external_id":"49a735f4-b05e-45c8-9ae1-4983c227c30c","name":"Homepage","content_groups":[],"elements":[{"maximum_text_length":null,"name":"Title","guidelines":null,"is_required":false,"type":"text","external_id":"c7bc3dad-d8db-4f37-99a1-a64936fc850a","id":"70408a18-54af-521b-a1b4-b9df7efb9d44","codename":"title"},{"item_count_limit":null,"allowed_content_types":[{"id":"9edee246-6b99-58f5-9032-d993f04d84dc"}],"name":"Subpages","guidelines":null,"is_required":false,"type":"modular_content","external_id":"95cb7e7d-3180-4920-a59a-32ea88cc3c79","id":"ca34904f-fc5e-5ab5-bf0f-d07efd93264e","codename":"subpages"},{"item_count_limit":null,"allowed_content_types":[],"name":"Content","guidelines":null,"is_required":false,"type":"modular_content","external_id":"c4f3fc5a-8f21-4452-998b-c1342685380e","id":"487d86e8-6c38-5a99-949a-dd1d224c7744","codename":"content"}]},{"id":"16242b8d-9ccb-5695-9839-5166f8deff39","codename":"grinder","last_modified":"2021-02-23T19:58:08.5606893Z","external_id":"da4f1cb1-8a55-43e5-9fcc-67ad331c8888","name":"Grinder","content_groups":[{"id":"51bf8e85-fb1e-579c-b29f-15a203d78e09","name":"Content","codename":"content","external_id":"00000000-0000-0000-0000-000000000006"},{"id":"c772747e-35f1-56c8-ba13-11e84758c207","name":"Metadata","codename":"metadata_26f405d","external_id":"26f405df-44a5-4cf6-9b06-7ec966c88a63"}],"elements":[{"guidelines":"<h2>Keep Guidelines where the creative process happens.</h2>\n<p>These are sample guidelines that you can place for the whole content entry. It’s a place where you can include your content brief, voice and tone recommendations or the URL to a wireframe, so the author will have all the relevant instructions at hand before writing a single line.</p>\n<p>Besides overview guidelines, you can include instructions for each particular content element, as you will see below.</p>","type":"guidelines","external_id":"14cba67c-fc38-63f9-93c7-c29c03c20292","id":"55bd6dec-5390-5b65-91fa-a1532cb8153a","codename":"n14cba67c_fc38_63f9_93c7_c29c03c20292","content_group":{"id":"51bf8e85-fb1e-579c-b29f-15a203d78e09"}},{"maximum_text_length":null,"name":"Product name","guidelines":"Include a product display name.","is_required":false,"type":"text","external_id":"b7b9604e-c74e-79ea-2a0f-d74d6347e35a","id":"f26d319a-893c-597e-b87d-7ae0de41dbe2","codename":"product_name","content_group":{"id":"51bf8e85-fb1e-579c-b29f-15a203d78e09"}},{"name":"Price","guidelines":"Include a product price.","is_required":false,"type":"number","external_id":"1e14595d-7fe8-7765-6df6-fad6a6e4851f","id":"d74bcab8-f89a-5219-973c-0fa66f218eb0","codename":"price","content_group":{"id":"51bf8e85-fb1e-579c-b29f-15a203d78e09"}},{"asset_count_limit":null,"maximum_file_size":null,"allowed_file_types":"adjustable","image_width_limit":null,"image_height_limit":null,"name":"Image","guidelines":"Upload one product image; the recommended size is 300 × 300 px.","is_required":false,"type":"asset","external_id":"7fe226b9-d21f-80ff-e680-6e6f44ce044b","id":"c43c95e0-63bc-5b13-aed6-d6a6a2d44bac","codename":"image","content_group":{"id":"51bf8e85-fb1e-579c-b29f-15a203d78e09"}},{"maximum_text_length":null,"name":"Manufacturer","guidelines":"Include a manufacturer's name.","is_required":false,"type":"text","external_id":"2c389736-7dfa-b03e-8996-7eba451cfdb5","id":"69e47b7b-5135-5c40-ad2d-abbfcb1d871e","codename":"manufacturer","content_group":{"id":"51bf8e85-fb1e-579c-b29f-15a203d78e09"}},{"guidelines":"Add a product status if the product is included in a special offering.","taxonomy_group":{"id":"ce444e2a-4194-5878-81b9-4447b0b2357b"},"is_required":false,"type":"taxonomy","external_id":"54120e88-82cc-2202-e72d-9cae0ced3f51","id":"a8160201-d60f-5944-8ed8-21810001d9e2","codename":"product_status","content_group":{"id":"51bf8e85-fb1e-579c-b29f-15a203d78e09"}},{"maximum_text_length":null,"maximum_image_size":null,"allowed_content_types":[],"image_width_limit":null,"image_height_limit":null,"allowed_image_types":"any","allowed_blocks":[],"allowed_formatting":[],"allowed_text_blocks":[],"allowed_table_blocks":["text"],"allowed_table_formatting":[],"allowed_table_text_blocks":["paragraph"],"name":"Short description","guidelines":"Include a short description that fits within 160 characters.","is_required":false,"type":"rich_text","external_id":"23ee310f-9732-9193-ad5e-80f75bfc276d","id":"2a2b1070-b2fe-5497-8c06-654af5feaf34","codename":"short_description","content_group":{"id":"51bf8e85-fb1e-579c-b29f-15a203d78e09"}},{"maximum_text_length":null,"maximum_image_size":null,"allowed_content_types":[],"image_width_limit":null,"image_height_limit":null,"allowed_image_types":"any","allowed_blocks":[],"allowed_formatting":[],"allowed_text_blocks":[],"allowed_table_blocks":["text"],"allowed_table_formatting":[],"allowed_table_text_blocks":["paragraph"],"name":"Long description","guidelines":"Include a full product description.","is_required":false,"type":"rich_text","external_id":"21e77286-e87b-d6e3-902d-13b5814b5e75","id":"bf7f428c-a3d4-507b-b30e-d826415c76e9","codename":"long_description","content_group":{"id":"51bf8e85-fb1e-579c-b29f-15a203d78e09"}},{"depends_on":{"snippet":{"id":"5482e7b6-9c79-5e81-8c4b-90e172e7ab48"},"element":{"id":"f85f9ef6-ced1-5f04-9d92-163349d50e36"}},"name":"URL pattern","guidelines":"Provide a SEO-friendly URL.","is_required":false,"type":"url_slug","external_id":"bf6ad588-11e5-ba0d-2c18-ccd50064a32a","id":"dab8d1dd-2503-54d5-9765-15f16b7cc8ff","codename":"url_pattern","content_group":{"id":"51bf8e85-fb1e-579c-b29f-15a203d78e09"}},{"guidelines":null,"taxonomy_group":{"id":"61e63f2f-d4ed-5484-9e0a-d9009e59f2c5"},"is_required":false,"type":"taxonomy","external_id":"02f0e374-6760-4b4d-99a8-60485572b764","id":"2eccc5bb-c7d8-554e-b31c-c7ed42f86da3","codename":"sitemap","content_group":{"id":"51bf8e85-fb1e-579c-b29f-15a203d78e09"}},{"snippet":{"id":"5482e7b6-9c79-5e81-8c4b-90e172e7ab48"},"type":"snippet","external_id":"75c6b7ad-eabf-e936-2843-bd31f0cfff1d","id":"15305a25-375f-58c9-8136-892648686cdf","codename":"metadata","content_group":{"id":"c772747e-35f1-56c8-ba13-11e84758c207"}}]},{"id":"9edee246-6b99-58f5-9032-d993f04d84dc","codename":"page","last_modified":"2021-02-23T19:58:08.2622392Z","external_id":"7920e3c3-b751-4659-9d0c-a73b97e2ad03","name":"Page","content_groups":[],"elements":[{"maximum_text_length":null,"name":"Title","guidelines":null,"is_required":false,"type":"text","external_id":"81311dd7-001b-45b2-b1f0-fc8946785fff","id":"07cdca1f-8ae5-5a32-9285-a18f79cc78fd","codename":"title"},{"depends_on":{"element":{"id":"07cdca1f-8ae5-5a32-9285-a18f79cc78fd"}},"name":"URL","guidelines":null,"is_required":true,"type":"url_slug","external_id":"124f6695-31a5-459d-a3fc-e01b1a89299b","id":"e47577ca-981d-58cd-b2c6-b506f456f7b8","codename":"url"},{"mode":"single","options":[{"id":"83790c62-5d7b-53bb-995f-1f25545a9af9","codename":"yes","name":"Yes","external_id":"7bf87813-3e5c-4370-b9e0-9eda5554f76c"},{"id":"a8cd88c8-7c21-5706-a0c1-52821a01d0fc","codename":"no","name":"No","external_id":"c38bbd86-e94e-4a53-b77d-75f73463ba19"}],"name":"Show in navigation","guidelines":null,"is_required":false,"type":"multiple_choice","external_id":"72232d2a-d3de-42ee-b7a2-33e9200d9408","id":"ff4267fa-ab0b-5d61-97c3-f262ec9c2bf9","codename":"show_in_navigation"},{"item_count_limit":null,"allowed_content_types":[{"id":"9edee246-6b99-58f5-9032-d993f04d84dc"}],"name":"Subpages","guidelines":null,"is_required":false,"type":"modular_content","external_id":"1026eb31-da80-4b7b-abe2-a3dd3d4ae395","id":"c6135fd0-115b-5ef2-bebf-b0474b28b622","codename":"subpages"},{"item_count_limit":null,"allowed_content_types":[],"name":"Content","guidelines":null,"is_required":false,"type":"modular_content","external_id":"411122af-77f7-424c-8d52-71f631496e31","id":"834dc0ce-a8e8-5076-a508-99e457833630","codename":"content"}]},{"id":"ed8f75df-fc02-5627-80fb-7a54563fa395","codename":"brewer","last_modified":"2021-02-23T19:58:07.243716Z","external_id":"7bc932b3-ce2a-4aa7-954e-04cbcbd214fc","name":"Brewer","content_groups":[{"id":"daff29fc-77bc-5804-ae3a-aca68d6c0594","name":"Content","codename":"content","external_id":"00000000-0000-0000-0000-000000000001"},{"id":"ada41bc1-3f9b-5efe-87b9-12a2765690a4","name":"Metadata","codename":"metadata_10a550c","external_id":"10a550cf-5d3d-4d43-8042-d2ae29de322f"}],"elements":[{"guidelines":"<h2>Keep Guidelines where the creative process happens.</h2>\n<p>These are sample guidelines that you can place for the whole content item. It’s a place where you can include your content brief, voice and tone recommendations or the URL to a wireframe, so the author will have all the relevant instructions at hand before writing a single line.</p>\n<p>Besides overview guidelines, you can include instructions for each particular content element, as you will see below.</p>","type":"guidelines","external_id":"f36c8ba2-fad1-60d1-147e-b00623dd71a8","id":"9e719b3b-4432-51e6-849e-aabe4baefa35","codename":"f36c8ba2_fad1_60d1_147e_b00623dd71a8","content_group":{"id":"daff29fc-77bc-5804-ae3a-aca68d6c0594"}},{"maximum_text_length":null,"name":"Product name","guidelines":"Include a product display name.","is_required":false,"type":"text","external_id":"01d6c6c7-92ff-a675-e413-861e5a9a4034","id":"ae819df3-b549-5f89-b235-d692806f1f6c","codename":"product_name","content_group":{"id":"daff29fc-77bc-5804-ae3a-aca68d6c0594"}},{"name":"Price","guidelines":"Include a product price.","is_required":false,"type":"number","external_id":"48ebe0fc-afe7-2b93-d351-0e352332bc52","id":"45ec9b9c-6db9-5458-98e2-bab3e59ab62c","codename":"price","content_group":{"id":"daff29fc-77bc-5804-ae3a-aca68d6c0594"}},{"asset_count_limit":null,"maximum_file_size":null,"allowed_file_types":"adjustable","image_width_limit":null,"image_height_limit":null,"name":"Image","guidelines":"Upload one product image; the recommended size is 300 × 300 px.","is_required":false,"type":"asset","external_id":"d0c1e9e7-7d5d-e61f-8564-56a8cb758cb8","id":"3efe3435-c451-50da-bfb1-1f5f70809d73","codename":"image","content_group":{"id":"daff29fc-77bc-5804-ae3a-aca68d6c0594"}},{"guidelines":"Add a product status if the product is included in a special offering.","taxonomy_group":{"id":"ce444e2a-4194-5878-81b9-4447b0b2357b"},"is_required":false,"type":"taxonomy","external_id":"960d0011-ff3b-41ac-1447-8eac6ee66eaa","id":"2776d0ce-df89-582a-a532-e2250e8d534e","codename":"product_status","content_group":{"id":"daff29fc-77bc-5804-ae3a-aca68d6c0594"}},{"maximum_text_length":null,"maximum_image_size":null,"allowed_content_types":[],"image_width_limit":null,"image_height_limit":null,"allowed_image_types":"any","allowed_blocks":[],"allowed_formatting":[],"allowed_text_blocks":[],"allowed_table_blocks":["text"],"allowed_table_formatting":[],"allowed_table_text_blocks":["paragraph"],"name":"Short description","guidelines":"Include a short description that fits within 160 characters.","is_required":false,"type":"rich_text","external_id":"8c235a7f-034e-f803-e612-9c47c8a49506","id":"a1c3a174-6c98-57b0-8e90-70994853143c","codename":"short_description","content_group":{"id":"daff29fc-77bc-5804-ae3a-aca68d6c0594"}},{"maximum_text_length":null,"maximum_image_size":null,"allowed_content_types":[],"image_width_limit":null,"image_height_limit":null,"allowed_image_types":"adjustable","allowed_blocks":[],"allowed_formatting":[],"allowed_text_blocks":[],"allowed_table_blocks":["text"],"allowed_table_formatting":[],"allowed_table_text_blocks":["paragraph"],"name":"Long description","guidelines":"Include a full product description.","is_required":false,"type":"rich_text","external_id":"14510bef-fd86-7d5d-992a-c1e091cbcb97","id":"c06d8ee5-bc73-5d51-b2f2-d9185ec8a53f","codename":"long_description","content_group":{"id":"daff29fc-77bc-5804-ae3a-aca68d6c0594"}},{"depends_on":{"snippet":{"id":"5482e7b6-9c79-5e81-8c4b-90e172e7ab48"},"element":{"id":"f85f9ef6-ced1-5f04-9d92-163349d50e36"}},"name":"URL pattern","guidelines":"Provide a SEO-friendly URL.","is_required":false,"type":"url_slug","external_id":"737c85be-f532-c8fe-a308-2a0f2c512f3e","id":"7da55a24-dba1-5655-88b3-9a0518b4b8d8","codename":"url_pattern","content_group":{"id":"daff29fc-77bc-5804-ae3a-aca68d6c0594"}},{"guidelines":null,"taxonomy_group":{"id":"f6851a6e-a342-5253-8bc6-e8abc8f56b15"},"is_required":false,"type":"taxonomy","external_id":"53b6bddb-fe8a-a8b2-9765-343479bf9fc2","id":"8147a6c7-b048-5398-baec-611a1aee3e6a","codename":"manufacturer","content_group":{"id":"daff29fc-77bc-5804-ae3a-aca68d6c0594"}},{"guidelines":null,"taxonomy_group":{"id":"61e63f2f-d4ed-5484-9e0a-d9009e59f2c5"},"is_required":false,"type":"taxonomy","external_id":"7632f3bb-2e53-438d-933c-4e8b6c035cb1","id":"56989593-8fc3-5d90-ac74-93244264dcf9","codename":"sitemap","content_group":{"id":"daff29fc-77bc-5804-ae3a-aca68d6c0594"}},{"snippet":{"id":"5482e7b6-9c79-5e81-8c4b-90e172e7ab48"},"type":"snippet","external_id":"86fb5937-e145-d13b-9aa2-4284a0e826ce","id":"aa345b0a-947f-5123-af8e-d5f9f95485f9","codename":"metadata","content_group":{"id":"ada41bc1-3f9b-5efe-87b9-12a2765690a4"}}]},{"id":"2aac8b91-0b3b-5bf4-aae6-7e3f23c461cf","codename":"hosted_video","last_modified":"2021-02-23T19:58:08.1216235Z","external_id":"269202ad-1d9d-47fd-b3e8-bdb05b3e3cf0","name":"Hosted video","content_groups":[],"elements":[{"maximum_text_length":null,"name":"Video ID","guidelines":null,"is_required":true,"type":"text","external_id":"116a2441-6441-7124-c85b-46a4fef5dcb9","id":"5eb37505-779c-5698-9ad5-32d274acbf7b","codename":"video_id"},{"mode":"single","options":[{"id":"d10c9c1f-e6d8-5f8d-a5ee-17e8971398a9","codename":"youtube","name":"YouTube","external_id":"523e6231-8d80-a158-3601-dffde4e64a78"},{"id":"d8449cb2-db62-5768-8451-690c4478003a","codename":"vimeo","name":"Vimeo","external_id":"d66ffa49-86ff-eeaa-c33b-e5d9eefe8b81"}],"name":"Video host","guidelines":null,"is_required":true,"type":"multiple_choice","external_id":"87924912-4861-aa84-176a-1eae7b22529b","id":"d03dea5c-9d55-549f-8323-52349444ae71","codename":"video_host"}]},{"id":"94dfdc89-729d-53c1-896b-5991e7f0e9ec","codename":"hero_unit","last_modified":"2021-02-23T19:58:08.8403512Z","external_id":"f4deeb7e-fe9b-49a2-a5f6-a51a9be6ac73","name":"Hero Unit","content_groups":[],"elements":[{"guidelines":"<h2>Keep Guidelines where the creative process happens.</h2>\n<p>These are sample guidelines that you can place for the whole content item. It’s a place where you can include your content brief, voice and tone recommendations or the URL to a wireframe, so the author will have all the relevant instructions at hand before writing a single line.</p>\n<p>Besides overview guidelines, you can include instructions for each particular content element, as you will see below.</p>","type":"guidelines","external_id":"333df39a-c14c-1865-0f59-69098e3a7084","id":"0879d9b0-5566-503d-97a1-1f4432381e76","codename":"n333df39a_c14c_1865_0f59_69098e3a7084"},{"maximum_text_length":null,"name":"Title","guidelines":"Provide a title that fits within 60 characters.","is_required":false,"type":"text","external_id":"16ea3e64-4103-da81-eabd-af7efc2ab8a6","id":"b1adc401-61e0-5aa5-9631-c08698732474","codename":"title"},{"asset_count_limit":null,"maximum_file_size":null,"allowed_file_types":"adjustable","image_width_limit":null,"image_height_limit":null,"name":"Image","guidelines":"Attach a teaser image; max. dimensions are 1280 × 600 px; allowed formats are *.jpg, *.png, *.gif.","is_required":false,"type":"asset","external_id":"4aeed98e-58d1-ab13-232c-542bf268fe48","id":"e2782730-d32a-5506-b6c3-e89a02b9e078","codename":"image"},{"maximum_text_length":null,"maximum_image_size":null,"allowed_content_types":[],"image_width_limit":null,"image_height_limit":null,"allowed_image_types":"any","allowed_blocks":[],"allowed_formatting":[],"allowed_text_blocks":[],"allowed_table_blocks":["text"],"allowed_table_formatting":[],"allowed_table_text_blocks":["paragraph"],"name":"Marketing message","guidelines":"Include a main goal of our business. The limit is 80 characters.","is_required":false,"type":"rich_text","external_id":"ecf4e55f-1ae0-f539-3516-5714a0f032e9","id":"5a5e63ba-5e73-5075-888c-8c92062b0e87","codename":"marketing_message"},{"guidelines":null,"taxonomy_group":{"id":"61e63f2f-d4ed-5484-9e0a-d9009e59f2c5"},"is_required":false,"type":"taxonomy","external_id":"0f620d29-a4c7-4944-b7d2-be5de2733b6e","id":"793e8b4b-1d62-5daa-a43a-bae9f5433896","codename":"sitemap"}]}]